INSEE_COM,C,5;NOM_COM,C,50;long_centr,N,11,7;lat_centro,N,11,7;INSEE_DEP,C,3;commune_ac,N,1,0;date_mod2,C,24;fid,N,20,0;id,C,254;nom_m,C,254;nom,C,254;insee_dep_,C,254;insee_reg,C,254
21105;Bressey-sur-Tille;5,1840461;47,3085795;21;1;2018/01/01 00:00:00.000;1;DEPARTEM_FXX_00000000022;COTE-D'OR;Côte-d'Or;21;27
21370;Magny-sur-Tille;5,1723552;47,274365;21;1;2018/01/01 00:00:00.000;1;DEPARTEM_FXX_00000000022;COTE-D'OR;Côte-d'Or;21;27
21320;Izier;5,1960896;47,280992;21;1;2018/01/01 00:00:00.000;1;DEPARTEM_FXX_00000000022;COTE-D'OR;Côte-d'Or;21;27
21452;Neuilly-Crimolois;5,1127274;47,2735355;21;1;2020/05/01 00:00:00.000;1;DEPARTEM_FXX_00000000022;COTE-D'OR;Côte-d'Or;21;27
21183;Collonges-et-Premières;5,2919978;47,2286389;21;1;2020/05/01 00:00:00.000;1;DEPARTEM_FXX_00000000022;COTE-D'OR;Côte-d'Or;21;27
21469;Orgeux;5,1515145;47,3645582;21;1;2018/01/01 00:00:00.000;1;DEPARTEM_FXX_00000000022;COTE-D'OR;Côte-d'Or;21;27
21100;Brain;4,5053216;47,4630906;21;1;2018/01/01 00:00:00.000;1;DEPARTEM_FXX_00000000022;COTE-D'OR;Côte-d'Or;21;27
21441;Mont-Saint-Jean;4,411434;47,2856599;21;1;2018/01/01 00:00:00.000;1;DEPARTEM_FXX_00000000022;COTE-D'OR;Côte-d'Or;21;27
21185;Combertault;4,9032583;46,9915692;21;1;2018/01/01 00:00:00.000;1;DEPARTEM_FXX_00000000022;COTE-D'OR;Côte-d'Or;21;27
89349;Saint-Léger-Vauban;4,0603134;47,3730672;89;1;2018/01/01 00:00:00.000;1;DEPARTEM_FXX_00000000022;COTE-D'OR;Côte-d'Or;21;27
58226;Saint-Agnan;4,0910377;47,32319;58;1;2018/01/01 00:00:00.000;1;DEPARTEM_FXX_00000000022;COTE-D'OR;Côte-d'Or;21;27
21087;Bligny-sur-Ouche;4,6842663;47,1149069;21;1;2018/01/01 00:00:00.000;1;DEPARTEM_FXX_00000000022;COTE-D'OR;Côte-d'Or;21;27
21434;Montlay-en-Auxois;4,2677534;47,3315685;21;1;2018/01/01 00:00:00.000;1;DEPARTEM_FXX_00000000022;COTE-D'OR;Côte-d'Or;21;27
21422;Molphey;4,2065447;47,3359969;21;1;2018/01/01 00:00:00.000;1;DEPARTEM_FXX_00000000022;COTE-D'OR;Côte-d'Or;21;27
21328;Juillenay;4,2717831;47,3617574;21;1;2018/01/01 00:00:00.000;1;DEPARTEM_FXX_00000000022;COTE-D'OR;Côte-d'Or;21;27
21445;La Motte-Ternant;4,327351;47,3164248;21;1;2018/01/01 00:00:00.000;1;DEPARTEM_FXX_00000000022;COTE-D'OR;Côte-d'Or;21;27
21525;La Roche-en-Brenil;4,171292;47,381809;21;1;2018/01/01 00:00:00.000;1;DEPARTEM_FXX_00000000022;COTE-D'OR;Côte-d'Or;21;27
21335;Lacour-d'Arcenay;4,2352453;47,3600282;21;1;2018/01/01 00:00:00.000;1;DEPARTEM_FXX_00000000022;COTE-D'OR;Côte-d'Or;21;27
21106;Bretenière;5,1037756;47,2362207;21;1;2018/01/01 00:00:00.000;1;DEPARTEM_FXX_00000000022;COTE-D'OR;Côte-d'Or;21;27
21301;Glanon;5,1070448;47,0399469;21;1;2018/01/01 00:00:00.000;1;DEPARTEM_FXX_00000000022;COTE-D'OR;Côte-d'Or;21;27
21585;Saulon-la-Chapelle;5,0940509;47,2109899;21;1;2018/01/01 00:00:00.000;1;DEPARTEM_FXX_00000000022;COTE-D'OR;Côte-d'Or;21;27
39449;Rainans;5,4737218;47,1577533;39;1;2018/01/01 00:00:00.000;1;DEPARTEM_FXX_00000000022;COTE-D'OR;Côte-d'Or;21;27
21684;Vignoles;4,8866677;47,0256039;21;1;2018/01/01 00:00:00.000;1;DEPARTEM_FXX_00000000022;COTE-D'OR;Côte-d'Or;21;27
21298;Gissey-le-Vieil;4,4857446;47,32234;21;1;2018/01/01 00:00:00.000;1;DEPARTEM_FXX_00000000022;COTE-D'OR;Côte-d'Or;21;27
21042;Bagnot;5,0726586;47,0503818;21;1;2018/01/01 00:00:00.000;1;DEPARTEM_FXX_00000000022;COTE-D'OR;Côte-d'Or;21;27
21552;Saint-Hélier;4,7016577;47,3893669;21;1;2018/01/01 00:00:00.000;1;DEPARTEM_FXX_00000000022;COTE-D'OR;Côte-d'Or;21;27
39029;Aumur;5,3368761;47,0608383;39;1;2018/01/01 00:00:00.000;1;DEPARTEM_FXX_00000000022;COTE-D'OR;Côte-d'Or;21;27
21191;Corcelles-lès-Cîteaux;5,0831547;47,16931;21;1;2018/01/01 00:00:00.000;1;DEPARTEM_FXX_00000000022;COTE-D'OR;Côte-d'Or;21;27
21414;Mimeure;4,4952891;47,1523089;21;1;2018/01/01 00:00:00.000;1;DEPARTEM_FXX_00000000022;COTE-D'OR;Côte-d'Or;21;27
21617;Talant;4,9975363;47,3392082;21;1;2018/01/01 00:00:00.000;1;DEPARTEM_FXX_00000000022;COTE-D'OR;Côte-d'Or;21;27
21576;Saint-Thibault;4,4660798;47,37767;21;1;2018/01/01 00:00:00.000;1;DEPARTEM_FXX_00000000022;COTE-D'OR;Côte-d'Or;21;27
21377;Marcellois;4,615896;47,3488921;21;1;2018/01/01 00:00:00.000;1;DEPARTEM_FXX_00000000022;COTE-D'OR;Côte-d'Or;21;27
21222;Cussy-le-Châtel;4,5845575;47,1644622;21;1;2018/01/01 00:00:00.000;1;DEPARTEM_FXX_00000000022;COTE-D'OR;Côte-d'Or;21;27
21712;Volnay;4,7831814;46,9990629;21;1;2018/01/01 00:00:00.000;1;DEPARTEM_FXX_00000000022;COTE-D'OR;Côte-d'Or;21;27
21408;Messigny-et-Vantoux;5,0015026;47,418906;21;1;2018/01/01 00:00:00.000;1;DEPARTEM_FXX_00000000022;COTE-D'OR;Côte-d'Or;21;27
21294;Gerland;5,0226279;47,1021928;21;1;2018/01/01 00:00:00.000;1;DEPARTEM_FXX_00000000022;COTE-D'OR;Côte-d'Or;21;27
21200;Couchey;4,9618906;47,2617031;21;1;2018/01/01 00:00:00.000;1;DEPARTEM_FXX_00000000022;COTE-D'OR;Côte-d'Or;21;27
21261;Fauverney;5,150129;47,2628731;21;1;2018/01/01 00:00:00.000;1;DEPARTEM_FXX_00000000022;COTE-D'OR;Côte-d'Or;21;27
21178;Valforêt;4,8667859;47,2457609;21;1;2020/05/01 00:00:00.000;1;DEPARTEM_FXX_00000000022;COTE-D'OR;Côte-d'Or;21;27
21457;Noidan;4,4094635;47,3463517;21;1;2018/01/01 00:00:00.000;1;DEPARTEM_FXX_00000000022;COTE-D'OR;Côte-d'Or;21;27
21210;Créancey;4,59369;47,2524953;21;1;2018/01/01 00:00:00.000;1;DEPARTEM_FXX_00000000022;COTE-D'OR;Côte-d'Or;21;27
21637;Tichey;5,288487;47,0124697;21;1;2018/01/01 00:00:00.000;1;DEPARTEM_FXX_00000000022;COTE-D'OR;Côte-d'Or;21;27
21310;Grosbois-en-Montagne;4,5997018;47,3198698;21;1;2018/01/01 00:00:00.000;1;DEPARTEM_FXX_00000000022;COTE-D'OR;Côte-d'Or;21;27
21010;Aloxe-Corton;4,8615695;47,068008;21;1;2018/01/01 00:00:00.000;1;DEPARTEM_FXX_00000000022;COTE-D'OR;Côte-d'Or;21;27
21570;Sainte-Sabine;4,6212069;47,1873398;21;1;2018/01/01 00:00:00.000;1;DEPARTEM_FXX_00000000022;COTE-D'OR;Côte-d'Or;21;27
71104;Charnay-lès-Chalon;5,084036;46,9343872;71;1;2018/01/01 00:00:00.000;1;DEPARTEM_FXX_00000000022;COTE-D'OR;Côte-d'Or;21;27
21080;Blaisy-Bas;4,735379;47,3694292;21;1;2018/01/01 00:00:00.000;1;DEPARTEM_FXX_00000000022;COTE-D'OR;Côte-d'Or;21;27
21409;Meuilley;4,8788025;47,1412022;21;1;2018/01/01 00:00:00.000;1;DEPARTEM_FXX_00000000022;COTE-D'OR;Côte-d'Or;21;27
21352;Longeault-Pluvault;5,2468105;47,211204;21;1;2020/05/01 00:00:00.000;1;DEPARTEM_FXX_00000000022;COTE-D'OR;Côte-d'Or;21;27
21623;Tart;5,2140993;47,1926567;21;1;2020/05/01 00:00:00.000;1;DEPARTEM_FXX_00000000022;COTE-D'OR;Côte-d'Or;21;27
21038;Auxonne;5,4143419;47,1887691;21;1;2018/01/01 00:00:00.000;1;DEPARTEM_FXX_00000000022;COTE-D'OR;Côte-d'Or;21;27
21079;Blagny-sur-Vingeanne;5,355635;47,4392482;21;1;2018/01/01 00:00:00.000;1;DEPARTEM_FXX_00000000022;COTE-D'OR;Côte-d'Or;21;27
21487;Pluvet;5,2635701;47,1985865;21;1;2018/01/01 00:00:00.000;1;DEPARTEM_FXX_00000000022;COTE-D'OR;Côte-d'Or;21;27
21609;Soirans;5,2984658;47,2102694;21;1;2018/01/01 00:00:00.000;1;DEPARTEM_FXX_00000000022;COTE-D'OR;Côte-d'Or;21;27
21018;Arcey;4,824542;47,2746525;21;1;2018/01/01 00:00:00.000;1;DEPARTEM_FXX_00000000022;COTE-D'OR;Côte-d'Or;21;27
21650;Urcy;4,8467538;47,2643484;21;1;2018/01/01 00:00:00.000;1;DEPARTEM_FXX_00000000022;COTE-D'OR;Côte-d'Or;21;27
21293;Gergueil;4,8124621;47,2378414;21;1;2018/01/01 00:00:00.000;1;DEPARTEM_FXX_00000000022;COTE-D'OR;Côte-d'Or;21;27
21267;Flagey-Echézeaux;4,9827652;47,159224;21;1;2018/01/01 00:00:00.000;1;DEPARTEM_FXX_00000000022;COTE-D'OR;Côte-d'Or;21;27
21553;Saint-Jean-de-Bœuf;4,7634963;47,2114909;21;1;2018/01/01 00:00:00.000;1;DEPARTEM_FXX_00000000022;COTE-D'OR;Côte-d'Or;21;27
21162;Chaux;4,9078187;47,1274851;21;1;2018/01/01 00:00:00.000;1;DEPARTEM_FXX_00000000022;COTE-D'OR;Côte-d'Or;21;27
21278;Fontaine-lès-Dijon;5,02468;47,3475005;21;1;2018/01/01 00:00:00.000;1;DEPARTEM_FXX_00000000022;COTE-D'OR;Côte-d'Or;21;27
21355;Longvic;5,0529533;47,2855553;21;1;2018/01/01 00:00:00.000;1;DEPARTEM_FXX_00000000022;COTE-D'OR;Côte-d'Or;21;27
21180;Cléry;5,5012392;47,295734;21;1;2018/01/01 00:00:00.000;1;DEPARTEM_FXX_00000000022;COTE-D'OR;Côte-d'Or;21;27
21542;Saint-Bernard;5,0235292;47,1596197;21;1;2018/01/01 00:00:00.000;1;DEPARTEM_FXX_00000000022;COTE-D'OR;Côte-d'Or;21;27
58125;Gien-sur-Cure;4,0900966;47,1456906;58;1;2018/01/01 00:00:00.000;1;DEPARTEM_FXX_00000000022;COTE-D'OR;Côte-d'Or;21;27
71073;Chagny;4,7749915;46,8987149;71;1;2018/01/01 00:00:00.000;1;DEPARTEM_FXX_00000000022;COTE-D'OR;Côte-d'Or;21;27
89004;Aisy-sur-Armançon;4,2092417;47,6570162;89;1;2018/01/01 00:00:00.000;1;DEPARTEM_FXX_00000000022;COTE-D'OR;Côte-d'Or;21;27
21056;Beire-le-Châtel;5,2135789;47,4179855;21;1;2018/01/01 00:00:00.000;1;DEPARTEM_FXX_00000000022;COTE-D'OR;Côte-d'Or;21;27
21215;Cuiserey;5,3175618;47,3706576;21;1;2018/01/01 00:00:00.000;1;DEPARTEM_FXX_00000000022;COTE-D'OR;Côte-d'Or;21;27
21399;Meilly-sur-Rouvres;4,5523377;47,2053299;21;1;2018/01/01 00:00:00.000;1;DEPARTEM_FXX_00000000022;COTE-D'OR;Côte-d'Or;21;27
21023;Arnay-le-Duc;4,4796789;47,1274205;21;1;2018/01/01 00:00:00.000;1;DEPARTEM_FXX_00000000022;COTE-D'OR;Côte-d'Or;21;27
21704;Villiers-le-Duc;4,7035669;47,7924754;21;1;2018/01/01 00:00:00.000;1;DEPARTEM_FXX_00000000022;COTE-D'OR;Côte-d'Or;21;27
21374;Maligny;4,5059071;47,0842384;21;1;2018/01/01 00:00:00.000;1;DEPARTEM_FXX_00000000022;COTE-D'OR;Côte-d'Or;21;27
71578;Clux-Villeneuve;5,1839914;46,9581982;71;1;2018/01/01 00:00:00.000;1;DEPARTEM_FXX_00000000022;COTE-D'OR;Côte-d'Or;21;27
21209;Couternon;5,1505001;47,330229;21;1;2018/01/01 00:00:00.000;1;DEPARTEM_FXX_00000000022;COTE-D'OR;Côte-d'Or;21;27
39096;Champagney;5,5044443;47,2600972;39;1;2018/01/01 00:00:00.000;1;DEPARTEM_FXX_00000000022;COTE-D'OR;Côte-d'Or;21;27
21699;Villers-les-Pots;5,3467049;47,2108015;21;1;2018/01/01 00:00:00.000;1;DEPARTEM_FXX_00000000022;COTE-D'OR;Côte-d'Or;21;27
21392;Martrois;4,5474724;47,306769;21;1;2018/01/01 00:00:00.000;1;DEPARTEM_FXX_00000000022;COTE-D'OR;Côte-d'Or;21;27
21397;Mavilly-Mandelot;4,7307764;47,0609632;21;1;2018/01/01 00:00:00.000;1;DEPARTEM_FXX_00000000022;COTE-D'OR;Côte-d'Or;21;27
21051;Baulme-la-Roche;4,79373;47,3477334;21;1;2018/01/01 00:00:00.000;1;DEPARTEM_FXX_00000000022;COTE-D'OR;Côte-d'Or;21;27
21002;Agey;4,7628073;47,2872873;21;1;2018/01/01 00:00:00.000;1;DEPARTEM_FXX_00000000022;COTE-D'OR;Côte-d'Or;21;27
71188;Épertully;4,6004308;46,9446141;71;1;2018/01/01 00:00:00.000;1;DEPARTEM_FXX_00000000022;COTE-D'OR;Côte-d'Or;21;27
21256;Étevaux;5,3220568;47,3230055;21;1;2018/01/01 00:00:00.000;1;DEPARTEM_FXX_00000000022;COTE-D'OR;Côte-d'Or;21;27
21314;Hauteroche;4,569871;47,4890196;21;1;2018/01/01 00:00:00.000;1;DEPARTEM_FXX_00000000022;COTE-D'OR;Côte-d'Or;21;27
21701;Villers-Rotin;5,4072941;47,1568366;21;1;2018/01/01 00:00:00.000;1;DEPARTEM_FXX_00000000022;COTE-D'OR;Côte-d'Or;21;27
21048;Barges;5,059599;47,2093019;21;1;2018/01/01 00:00:00.000;1;DEPARTEM_FXX_00000000022;COTE-D'OR;Côte-d'Or;21;27
21461;Nolay;4,6198422;46,9590884;21;1;2018/01/01 00:00:00.000;1;DEPARTEM_FXX_00000000022;COTE-D'OR;Côte-d'Or;21;27
21375;Manlay;4,333083;47,1206383;21;1;2018/01/01 00:00:00.000;1;DEPARTEM_FXX_00000000022;COTE-D'OR;Côte-d'Or;21;27
21254;L'Étang-Vergy;4,876032;47,1828375;21;1;2018/01/01 00:00:00.000;1;DEPARTEM_FXX_00000000022;COTE-D'OR;Côte-d'Or;21;27
21184;Colombier;4,6744149;47,1685533;21;1;2018/01/01 00:00:00.000;1;DEPARTEM_FXX_00000000022;COTE-D'OR;Côte-d'Or;21;27
21121;Bussy-la-Pesle;4,7137392;47,3563085;21;1;2018/01/01 00:00:00.000;1;DEPARTEM_FXX_00000000022;COTE-D'OR;Côte-d'Or;21;27
21116;Bure-les-Templiers;4,9109963;47,732686;21;1;2018/01/01 00:00:00.000;1;DEPARTEM_FXX_00000000022;COTE-D'OR;Côte-d'Or;21;27
21150;Chassagne-Montrachet;4,7274854;46,9327112;21;1;2018/01/01 00:00:00.000;1;DEPARTEM_FXX_00000000022;COTE-D'OR;Côte-d'Or;21;27
21196;Corpeau;4,759967;46,9271856;21;1;2018/01/01 00:00:00.000;1;DEPARTEM_FXX_00000000022;COTE-D'OR;Côte-d'Or;21;27
21541;Saint-Aubin;4,7108773;46,9505139;21;1;2018/01/01 00:00:00.000;1;DEPARTEM_FXX_00000000022;COTE-D'OR;Côte-d'Or;21;27
21223;Daix;4,9691385;47,3604753;21;1;2018/01/01 00:00:00.000;1;DEPARTEM_FXX_00000000022;COTE-D'OR;Côte-d'Or;21;27
21439;Montoillot;4,6579379;47,2722608;21;1;2018/01/01 00:00:00.000;1;DEPARTEM_FXX_00000000022;COTE-D'OR;Côte-d'Or;21;27
21645;Trouhans;5,2709955;47,1525549;21;1;2018/01/01 00:00:00.000;1;DEPARTEM_FXX_00000000022;COTE-D'OR;Côte-d'Or;21;27
21362;Maconge;4,5770893;47,2255732;21;1;2018/01/01 00:00:00.000;1;DEPARTEM_FXX_00000000022;COTE-D'OR;Côte-d'Or;21;27
21508;Prenois;4,906178;47,3750512;21;1;2018/01/01 00:00:00.000;1;DEPARTEM_FXX_00000000022;COTE-D'OR;Côte-d'Or;21;27
21311;Grosbois-lès-Tichey;5,2359825;47,0093922;21;1;2018/01/01 00:00:00.000;1;DEPARTEM_FXX_00000000022;COTE-D'OR;Côte-d'Or;21;27
21231;Dijon;5,0374714;47,322851;21;1;2018/01/01 00:00:00.000;1;DEPARTEM_FXX_00000000022;COTE-D'OR;Côte-d'Or;21;27
89132;Cry;4,2281147;47,7034906;89;1;2018/01/01 00:00:00.000;1;DEPARTEM_FXX_00000000022;COTE-D'OR;Côte-d'Or;21;27
21672;Vesvres;4,5290636;47,3766449;21;1;2018/01/01 00:00:00.000;1;DEPARTEM_FXX_00000000022;COTE-D'OR;Côte-d'Or;21;27
39432;Pointre;5,4902012;47,2220881;39;1;2018/01/01 00:00:00.000;1;DEPARTEM_FXX_00000000022;COTE-D'OR;Côte-d'Or;21;27
21186;Comblanchien;4,918586;47,1025851;21;1;2018/01/01 00:00:00.000;1;DEPARTEM_FXX_00000000022;COTE-D'OR;Côte-d'Or;21;27
21485;Plombières-lès-Dijon;4,9510237;47,3383722;21;1;2018/01/01 00:00:00.000;1;DEPARTEM_FXX_00000000022;COTE-D'OR;Côte-d'Or;21;27
21371;Les Maillys;5,3300269;47,1459295;21;1;2018/01/01 00:00:00.000;1;DEPARTEM_FXX_00000000022;COTE-D'OR;Côte-d'Or;21;27
21710;Vitteaux;4,5423766;47,3972123;21;1;2018/01/01 00:00:00.000;1;DEPARTEM_FXX_00000000022;COTE-D'OR;Côte-d'Or;21;27
21548;Saint-Germain-de-Modéon;4,1242494;47,3722281;21;1;2018/01/01 00:00:00.000;1;DEPARTEM_FXX_00000000022;COTE-D'OR;Côte-d'Or;21;27
21715;Voudenay;4,380002;47,0943207;21;1;2018/01/01 00:00:00.000;1;DEPARTEM_FXX_00000000022;COTE-D'OR;Côte-d'Or;21;27
21475;Pagny-le-Château;5,2114202;47,0499759;21;1;2018/01/01 00:00:00.000;1;DEPARTEM_FXX_00000000022;COTE-D'OR;Côte-d'Or;21;27
21556;Saint-Léger-Triey;5,3550524;47,3173831;21;1;2018/01/01 00:00:00.000;1;DEPARTEM_FXX_00000000022;COTE-D'OR;Côte-d'Or;21;27
21666;Vernot;4,9628872;47,4916892;21;1;2018/01/01 00:00:00.000;1;DEPARTEM_FXX_00000000022;COTE-D'OR;Côte-d'Or;21;27
21269;Flammerans;5,4405966;47,2302422;21;1;2018/01/01 00:00:00.000;1;DEPARTEM_FXX_00000000022;COTE-D'OR;Côte-d'Or;21;27
21455;Nod-sur-Seine;4,5982446;47,7728535;21;1;2018/01/01 00:00:00.000;1;DEPARTEM_FXX_00000000022;COTE-D'OR;Côte-d'Or;21;27
21319;Izeure;5,1203057;47,1659776;21;1;2018/01/01 00:00:00.000;1;DEPARTEM_FXX_00000000022;COTE-D'OR;Côte-d'Or;21;27
21527;La Rochepot;4,6765046;46,9567499;21;1;2018/01/01 00:00:00.000;1;DEPARTEM_FXX_00000000022;COTE-D'OR;Côte-d'Or;21;27
71443;Saint-Loup-Géanges;4,9092621;46,9394223;71;1;2018/01/01 00:00:00.000;1;DEPARTEM_FXX_00000000022;COTE-D'OR;Côte-d'Or;21;27
39476;Saint-Aubin;5,3331286;47,032617;39;1;2018/01/01 00:00:00.000;1;DEPARTEM_FXX_00000000022;COTE-D'OR;Côte-d'Or;21;27
71020;Barnay;4,3212751;47,0853471;71;1;2018/01/01 00:00:00.000;1;DEPARTEM_FXX_00000000022;COTE-D'OR;Côte-d'Or;21;27
71369;Remigny;4,7250124;46,9096084;71;1;2018/01/01 00:00:00.000;1;DEPARTEM_FXX_00000000022;COTE-D'OR;Côte-d'Or;21;27
21017;Arcenant;4,8383378;47,1402182;21;1;2018/01/01 00:00:00.000;1;DEPARTEM_FXX_00000000022;COTE-D'OR;Côte-d'Or;21;27
21675;Vianges;4,3251298;47,1655495;21;1;2018/01/01 00:00:00.000;1;DEPARTEM_FXX_00000000022;COTE-D'OR;Côte-d'Or;21;27
21610;Soissons-sur-Nacey;5,4612912;47,249949;21;1;2018/01/01 00:00:00.000;1;DEPARTEM_FXX_00000000022;COTE-D'OR;Côte-d'Or;21;27
21156;Chaudenay-le-Château;4,6425222;47,1797581;21;1;2018/01/01 00:00:00.000;1;DEPARTEM_FXX_00000000022;COTE-D'OR;Côte-d'Or;21;27
21593;Savilly;4,2783235;47,1217765;21;1;2018/01/01 00:00:00.000;1;DEPARTEM_FXX_00000000022;COTE-D'OR;Côte-d'Or;21;27
21050;Baubigny;4,6817848;46,9894001;21;1;2018/01/01 00:00:00.000;1;DEPARTEM_FXX_00000000022;COTE-D'OR;Côte-d'Or;21;27
21687;Villargoix;4,2909156;47,2921382;21;1;2018/01/01 00:00:00.000;1;DEPARTEM_FXX_00000000022;COTE-D'OR;Côte-d'Or;21;27
21344;Lechâtelet;5,1424306;47,0531084;21;1;2018/01/01 00:00:00.000;1;DEPARTEM_FXX_00000000022;COTE-D'OR;Côte-d'Or;21;27
21424;Montagny-lès-Seurre;5,2515839;47,0225566;21;1;2018/01/01 00:00:00.000;1;DEPARTEM_FXX_00000000022;COTE-D'OR;Côte-d'Or;21;27
21333;Labruyère;5,141919;47,0385053;21;1;2018/01/01 00:00:00.000;1;DEPARTEM_FXX_00000000022;COTE-D'OR;Côte-d'Or;21;27
21703;Villiers-en-Morvan;4,2596009;47,1430122;21;1;2018/01/01 00:00:00.000;1;DEPARTEM_FXX_00000000022;COTE-D'OR;Côte-d'Or;21;27
71266;Lucenay-l'Évêque;4,2609296;47,0841985;71;1;2018/01/01 00:00:00.000;1;DEPARTEM_FXX_00000000022;COTE-D'OR;Côte-d'Or;21;27
21046;Bard-le-Régulier;4,301585;47,1462769;21;1;2018/01/01 00:00:00.000;1;DEPARTEM_FXX_00000000022;COTE-D'OR;Côte-d'Or;21;27
21102;Brazey-en-Morvan;4,2769098;47,1723898;21;1;2018/01/01 00:00:00.000;1;DEPARTEM_FXX_00000000022;COTE-D'OR;Côte-d'Or;21;27
21082;Blancey;4,4598153;47,3024435;21;1;2018/01/01 00:00:00.000;1;DEPARTEM_FXX_00000000022;COTE-D'OR;Côte-d'Or;21;27
21586;Saulon-la-Rue;5,049911;47,2262739;21;1;2018/01/01 00:00:00.000;1;DEPARTEM_FXX_00000000022;COTE-D'OR;Côte-d'Or;21;27
21343;Larrey;4,4249103;47,8971118;21;1;2018/01/01 00:00:00.000;1;DEPARTEM_FXX_00000000022;COTE-D'OR;Côte-d'Or;21;27
21488;Poinçon-lès-Larrey;4,4566573;47,86952;21;1;2018/01/01 00:00:00.000;1;DEPARTEM_FXX_00000000022;COTE-D'OR;Côte-d'Or;21;27
21671;Vertault;4,3272177;47,9249548;21;1;2018/01/01 00:00:00.000;1;DEPARTEM_FXX_00000000022;COTE-D'OR;Côte-d'Or;21;27
21693;Villedieu;4,3836784;47,9075241;21;1;2018/01/01 00:00:00.000;1;DEPARTEM_FXX_00000000022;COTE-D'OR;Côte-d'Or;21;27
21349;Liernais;4,2887057;47,219667;21;1;2018/01/01 00:00:00.000;1;DEPARTEM_FXX_00000000022;COTE-D'OR;Côte-d'Or;21;27
21128;Chailly-sur-Armançon;4,477709;47,2732537;21;1;2018/01/01 00:00:00.000;1;DEPARTEM_FXX_00000000022;COTE-D'OR;Côte-d'Or;21;27
21217;Curley;4,9103422;47,2037081;21;1;2018/01/01 00:00:00.000;1;DEPARTEM_FXX_00000000022;COTE-D'OR;Côte-d'Or;21;27
21506;Premeaux-Prissey;4,942822;47,1050474;21;1;2018/01/01 00:00:00.000;1;DEPARTEM_FXX_00000000022;COTE-D'OR;Côte-d'Or;21;27
21059;Bellefond;5,063928;47,3795396;21;1;2018/01/01 00:00:00.000;1;DEPARTEM_FXX_00000000022;COTE-D'OR;Côte-d'Or;21;27
39011;Annoire;5,2770802;46,9591371;39;1;2018/01/01 00:00:00.000;1;DEPARTEM_FXX_00000000022;COTE-D'OR;Côte-d'Or;21;27
21005;Aiserey;5,1691042;47,172751;21;1;2018/01/01 00:00:00.000;1;DEPARTEM_FXX_00000000022;COTE-D'OR;Côte-d'Or;21;27
71165;Cussy-en-Morvan;4,1628244;47,0934015;71;1;2018/01/01 00:00:00.000;1;DEPARTEM_FXX_00000000022;COTE-D'OR;Côte-d'Or;21;27
21560;Saint-Martin-de-la-Mer;4,2295833;47,2374739;21;1;2018/01/01 00:00:00.000;1;DEPARTEM_FXX_00000000022;COTE-D'OR;Côte-d'Or;21;27
21031;Aubigny-en-Plaine;5,164588;47,1277374;21;1;2018/01/01 00:00:00.000;1;DEPARTEM_FXX_00000000022;COTE-D'OR;Côte-d'Or;21;27
21403;Ménessaire;4,1527337;47,1334864;21;1;2018/01/01 00:00:00.000;1;DEPARTEM_FXX_00000000022;COTE-D'OR;Côte-d'Or;21;27
58185;Moux-en-Morvan;4,1302952;47,1695276;58;1;2018/01/01 00:00:00.000;1;DEPARTEM_FXX_00000000022;COTE-D'OR;Côte-d'Or;21;27
21584;Saulieu;4,2321862;47,2840581;21;1;2018/01/01 00:00:00.000;1;DEPARTEM_FXX_00000000022;COTE-D'OR;Côte-d'Or;21;27
21124;Censerey;4,3358858;47,1976987;21;1;2018/01/01 00:00:00.000;1;DEPARTEM_FXX_00000000022;COTE-D'OR;Côte-d'Or;21;27
21559;Sainte-Marie-sur-Ouche;4,8035409;47,2884874;21;1;2018/01/01 00:00:00.000;1;DEPARTEM_FXX_00000000022;COTE-D'OR;Côte-d'Or;21;27
21139;Champeau-en-Morvan;4,1563127;47,2731867;21;1;2018/01/01 00:00:00.000;1;DEPARTEM_FXX_00000000022;COTE-D'OR;Côte-d'Or;21;27
21173;Chorey-les-Beaune;4,8692911;47,0494836;21;1;2018/01/01 00:00:00.000;1;DEPARTEM_FXX_00000000022;COTE-D'OR;Côte-d'Or;21;27
58003;Alligny-en-Morvan;4,17346;47,209772;58;1;2018/01/01 00:00:00.000;1;DEPARTEM_FXX_00000000022;COTE-D'OR;Côte-d'Or;21;27
21330;Labergement-Foigney;5,2476218;47,2574869;21;1;2018/01/01 00:00:00.000;1;DEPARTEM_FXX_00000000022;COTE-D'OR;Côte-d'Or;21;27
58235;Saint-Brisson;4,0950322;47,2672653;58;1;2018/01/01 00:00:00.000;1;DEPARTEM_FXX_00000000022;COTE-D'OR;Côte-d'Or;21;27
71493;Saisy;4,5562734;46,9613806;71;1;2018/01/01 00:00:00.000;1;DEPARTEM_FXX_00000000022;COTE-D'OR;Côte-d'Or;21;27
21083;Blanot;4,2359231;47,1786222;21;1;2018/01/01 00:00:00.000;1;DEPARTEM_FXX_00000000022;COTE-D'OR;Côte-d'Or;21;27
21270;Flavignerot;4,9190797;47,2774076;21;1;2018/01/01 00:00:00.000;1;DEPARTEM_FXX_00000000022;COTE-D'OR;Côte-d'Or;21;27
21103;Brazey-en-Plaine;5,2121042;47,1380821;21;1;2018/01/01 00:00:00.000;1;DEPARTEM_FXX_00000000022;COTE-D'OR;Côte-d'Or;21;27
21647;Trugny;5,14605;46,9720212;21;1;2018/01/01 00:00:00.000;1;DEPARTEM_FXX_00000000022;COTE-D'OR;Côte-d'Or;21;27
71129;Chissey-en-Morvan;4,2149332;47,1213181;71;1;2018/01/01 00:00:00.000;1;DEPARTEM_FXX_00000000022;COTE-D'OR;Côte-d'Or;21;27
21076;Binges;5,2686979;47,3254465;21;1;2018/01/01 00:00:00.000;1;DEPARTEM_FXX_00000000022;COTE-D'OR;Côte-d'Or;21;27
21243;Écutigny;4,6228811;47,0842466;21;1;2018/01/01 00:00:00.000;1;DEPARTEM_FXX_00000000022;COTE-D'OR;Côte-d'Or;21;27
21577;Saint-Usage;5,2501725;47,1091877;21;1;2018/01/01 00:00:00.000;1;DEPARTEM_FXX_00000000022;COTE-D'OR;Côte-d'Or;21;27
21190;Corcelles-les-Arts;4,7964778;46,9454328;21;1;2018/01/01 00:00:00.000;1;DEPARTEM_FXX_00000000022;COTE-D'OR;Côte-d'Or;21;27
21680;Vielverge;5,4529055;47,2679195;21;1;2018/01/01 00:00:00.000;1;DEPARTEM_FXX_00000000022;COTE-D'OR;Côte-d'Or;21;27
71341;Palleau;5,0320055;46,9658999;71;1;2018/01/01 00:00:00.000;1;DEPARTEM_FXX_00000000022;COTE-D'OR;Côte-d'Or;21;27
21630;Thoisy-le-Désert;4,5211827;47,249343;21;1;2018/01/01 00:00:00.000;1;DEPARTEM_FXX_00000000022;COTE-D'OR;Côte-d'Or;21;27
21280;Fontangy;4,3716164;47,3460618;21;1;2018/01/01 00:00:00.000;1;DEPARTEM_FXX_00000000022;COTE-D'OR;Côte-d'Or;21;27
21003;Ahuy;5,0204982;47,3712118;21;1;2018/01/01 00:00:00.000;1;DEPARTEM_FXX_00000000022;COTE-D'OR;Côte-d'Or;21;27
21342;Laperrière-sur-Saône;5,3459701;47,1068526;21;1;2018/01/01 00:00:00.000;1;DEPARTEM_FXX_00000000022;COTE-D'OR;Côte-d'Or;21;27
21624;Tellecey;5,2983215;47,2903681;21;1;2018/01/01 00:00:00.000;1;DEPARTEM_FXX_00000000022;COTE-D'OR;Côte-d'Or;21;27
21032;Aubigny-la-Ronce;4,5966643;46,9878506;21;1;2018/01/01 00:00:00.000;1;DEPARTEM_FXX_00000000022;COTE-D'OR;Côte-d'Or;21;27
21474;Pagny-la-Ville;5,1692845;47,0579532;21;1;2018/01/01 00:00:00.000;1;DEPARTEM_FXX_00000000022;COTE-D'OR;Côte-d'Or;21;27
21088;Boncourt-le-Bois;4,9979596;47,1377554;21;1;2018/01/01 00:00:00.000;1;DEPARTEM_FXX_00000000022;COTE-D'OR;Côte-d'Or;21;27
21613;Soussey-sur-Brionne;4,5338264;47,3269397;21;1;2018/01/01 00:00:00.000;1;DEPARTEM_FXX_00000000022;COTE-D'OR;Côte-d'Or;21;27
21147;Charny;4,4261606;47,3316253;21;1;2018/01/01 00:00:00.000;1;DEPARTEM_FXX_00000000022;COTE-D'OR;Côte-d'Or;21;27
21181;Clomot;4,4867577;47,1923851;21;1;2018/01/01 00:00:00.000;1;DEPARTEM_FXX_00000000022;COTE-D'OR;Côte-d'Or;21;27
21249;Esbarres;5,1987707;47,0909668;21;1;2018/01/01 00:00:00.000;1;DEPARTEM_FXX_00000000022;COTE-D'OR;Côte-d'Or;21;27
21363;Magnien;4,4332238;47,1090778;21;1;2018/01/01 00:00:00.000;1;DEPARTEM_FXX_00000000022;COTE-D'OR;Côte-d'Or;21;27
21271;Flavigny-sur-Ozerain;4,5188148;47,5090142;21;1;2018/01/01 00:00:00.000;1;DEPARTEM_FXX_00000000022;COTE-D'OR;Côte-d'Or;21;27
21146;Charmes;5,3500089;47,3721957;21;1;2018/01/01 00:00:00.000;1;DEPARTEM_FXX_00000000022;COTE-D'OR;Côte-d'Or;21;27
21398;Maxilly-sur-Saône;5,4198012;47,3310914;21;1;2018/01/01 00:00:00.000;1;DEPARTEM_FXX_00000000022;COTE-D'OR;Côte-d'Or;21;27
21138;Champdôtre;5,2999915;47,1822655;21;1;2018/01/01 00:00:00.000;1;DEPARTEM_FXX_00000000022;COTE-D'OR;Côte-d'Or;21;27
21629;Thoisy-la-Berchère;4,3323047;47,260408;21;1;2018/01/01 00:00:00.000;1;DEPARTEM_FXX_00000000022;COTE-D'OR;Côte-d'Or;21;27
21607;Seurre;5,1519709;47,0075191;21;1;2018/01/01 00:00:00.000;1;DEPARTEM_FXX_00000000022;COTE-D'OR;Côte-d'Or;21;27
21071;Bèze;5,2792007;47,4661739;21;1;2018/01/01 00:00:00.000;1;DEPARTEM_FXX_00000000022;COTE-D'OR;Côte-d'Or;21;27
21512;Puligny-Montrachet;4,7591094;46,9470918;21;1;2018/01/01 00:00:00.000;1;DEPARTEM_FXX_00000000022;COTE-D'OR;Côte-d'Or;21;27
21596;Savouges;5,0582796;47,1809004;21;1;2018/01/01 00:00:00.000;1;DEPARTEM_FXX_00000000022;COTE-D'OR;Côte-d'Or;21;27
21412;Meursault;4,7725159;46,9703903;21;1;2018/01/01 00:00:00.000;1;DEPARTEM_FXX_00000000022;COTE-D'OR;Côte-d'Or;21;27
39051;Biarne;5,4515082;47,1454287;39;1;2018/01/01 00:00:00.000;1;DEPARTEM_FXX_00000000022;COTE-D'OR;Côte-d'Or;21;27
71423;Saint-Gervais-en-Vallière;4,9623226;46,9454249;71;1;2018/01/01 00:00:00.000;1;DEPARTEM_FXX_00000000022;COTE-D'OR;Côte-d'Or;21;27
21099;Bouze-lès-Beaune;4,7718155;47,0539477;21;1;2018/01/01 00:00:00.000;1;DEPARTEM_FXX_00000000022;COTE-D'OR;Côte-d'Or;21;27
21233;Drambon;5,3792121;47,3343712;21;1;2018/01/01 00:00:00.000;1;DEPARTEM_FXX_00000000022;COTE-D'OR;Côte-d'Or;21;27
21317;Is-sur-Tille;5,1027471;47,5258471;21;1;2018/01/01 00:00:00.000;1;DEPARTEM_FXX_00000000022;COTE-D'OR;Côte-d'Or;21;27
39377;Mutigney;5,5303106;47,2821795;39;1;2018/01/01 00:00:00.000;1;DEPARTEM_FXX_00000000022;COTE-D'OR;Côte-d'Or;21;27
21067;Bessey-lès-Cîteaux;5,1475376;47,1456316;21;1;2018/01/01 00:00:00.000;1;DEPARTEM_FXX_00000000022;COTE-D'OR;Côte-d'Or;21;27
39101;Champvans;5,420148;47,1020632;39;1;2018/01/01 00:00:00.000;1;DEPARTEM_FXX_00000000022;COTE-D'OR;Côte-d'Or;21;27
21440;Montot;5,2435025;47,1525624;21;1;2018/01/01 00:00:00.000;1;DEPARTEM_FXX_00000000022;COTE-D'OR;Côte-d'Or;21;27
21546;Saint-Didier;4,1733273;47,3164442;21;1;2018/01/01 00:00:00.000;1;DEPARTEM_FXX_00000000022;COTE-D'OR;Côte-d'Or;21;27
21632;Thorey-en-Plaine;5,1371085;47,2147893;21;1;2018/01/01 00:00:00.000;1;DEPARTEM_FXX_00000000022;COTE-D'OR;Côte-d'Or;21;27
21575;Saint-Symphorien-sur-Saône;5,3168726;47,0914535;21;1;2018/01/01 00:00:00.000;1;DEPARTEM_FXX_00000000022;COTE-D'OR;Côte-d'Or;21;27
21133;Chambolle-Musigny;4,9443853;47,1867077;21;1;2018/01/01 00:00:00.000;1;DEPARTEM_FXX_00000000022;COTE-D'OR;Côte-d'Or;21;27
21567;Saint-Prix-lès-Arnay;4,5046979;47,1127655;21;1;2018/01/01 00:00:00.000;1;DEPARTEM_FXX_00000000022;COTE-D'OR;Côte-d'Or;21;27
21315;Hauteville-lès-Dijon;4,9805137;47,3758044;21;1;2018/01/01 00:00:00.000;1;DEPARTEM_FXX_00000000022;COTE-D'OR;Côte-d'Or;21;27
21581;Samerey;5,364989;47,0899913;21;1;2018/01/01 00:00:00.000;1;DEPARTEM_FXX_00000000022;COTE-D'OR;Côte-d'Or;21;27
21407;Messanges;4,8702116;47,1612271;21;1;2018/01/01 00:00:00.000;1;DEPARTEM_FXX_00000000022;COTE-D'OR;Côte-d'Or;21;27
21515;Quetigny;5,1150613;47,3193998;21;1;2018/01/01 00:00:00.000;1;DEPARTEM_FXX_00000000022;COTE-D'OR;Côte-d'Or;21;27
21677;Vic-des-Prés;4,63596;47,1090577;21;1;2018/01/01 00:00:00.000;1;DEPARTEM_FXX_00000000022;COTE-D'OR;Côte-d'Or;21;27
21074;Billey;5,4193337;47,1424033;21;1;2018/01/01 00:00:00.000;1;DEPARTEM_FXX_00000000022;COTE-D'OR;Côte-d'Or;21;27
21714;Vosne-Romanée;4,955602;47,159707;21;1;2018/01/01 00:00:00.000;1;DEPARTEM_FXX_00000000022;COTE-D'OR;Côte-d'Or;21;27
21622;Tart-le-Bas;5,2231358;47,2064825;21;1;2018/01/01 00:00:00.000;1;DEPARTEM_FXX_00000000022;COTE-D'OR;Côte-d'Or;21;27
21521;Remilly-sur-Tille;5,2308953;47,3072762;21;1;2018/01/01 00:00:00.000;1;DEPARTEM_FXX_00000000022;COTE-D'OR;Côte-d'Or;21;27
21062;Bellenot-sous-Pouilly;4,5461938;47,2868218;21;1;2018/01/01 00:00:00.000;1;DEPARTEM_FXX_00000000022;COTE-D'OR;Côte-d'Or;21;27
21480;Pernand-Vergelesses;4,8499941;47,0806781;21;1;2018/01/01 00:00:00.000;1;DEPARTEM_FXX_00000000022;COTE-D'OR;Côte-d'Or;21;27
21241;Échevronne;4,8349163;47,1076099;21;1;2018/01/01 00:00:00.000;1;DEPARTEM_FXX_00000000022;COTE-D'OR;Côte-d'Or;21;27
21130;Chambeire;5,2707475;47,2822954;21;1;2018/01/01 00:00:00.000;1;DEPARTEM_FXX_00000000022;COTE-D'OR;Côte-d'Or;21;27
21175;Cirey-lès-Pontailler;5,3089349;47,3024828;21;1;2018/01/01 00:00:00.000;1;DEPARTEM_FXX_00000000022;COTE-D'OR;Côte-d'Or;21;27
21492;Pommard;4,7955709;47,0130188;21;1;2018/01/01 00:00:00.000;1;DEPARTEM_FXX_00000000022;COTE-D'OR;Côte-d'Or;21;27
21436;Montmain;5,0597169;47,0275617;21;1;2018/01/01 00:00:00.000;1;DEPARTEM_FXX_00000000022;COTE-D'OR;Côte-d'Or;21;27
21390;Marsannay-la-Côte;4,9845282;47,2791545;21;1;2018/01/01 00:00:00.000;1;DEPARTEM_FXX_00000000022;COTE-D'OR;Côte-d'Or;21;27
21001;Agencourt;4,9853092;47,1250468;21;1;2018/01/01 00:00:00.000;1;DEPARTEM_FXX_00000000022;COTE-D'OR;Côte-d'Or;21;27
21669;Verrey-sous-Drée;4,6885112;47,3676053;21;1;2018/01/01 00:00:00.000;1;DEPARTEM_FXX_00000000022;COTE-D'OR;Côte-d'Or;21;27
21289;Fussey;4,8169441;47,1285632;21;1;2018/01/01 00:00:00.000;1;DEPARTEM_FXX_00000000022;COTE-D'OR;Côte-d'Or;21;27
21578;Saint-Victor-sur-Ouche;4,7472864;47,2325289;21;1;2018/01/01 00:00:00.000;1;DEPARTEM_FXX_00000000022;COTE-D'OR;Côte-d'Or;21;27
21194;Corgoloin;4,9350195;47,0814789;21;1;2018/01/01 00:00:00.000;1;DEPARTEM_FXX_00000000022;COTE-D'OR;Côte-d'Or;21;27
21145;Charigny;4,4210214;47,4332721;21;1;2018/01/01 00:00:00.000;1;DEPARTEM_FXX_00000000022;COTE-D'OR;Côte-d'Or;21;27
21216;Culètre;4,568212;47,1467509;21;1;2018/01/01 00:00:00.000;1;DEPARTEM_FXX_00000000022;COTE-D'OR;Côte-d'Or;21;27
21132;Chambœuf;4,9026113;47,2275473;21;1;2018/01/01 00:00:00.000;1;DEPARTEM_FXX_00000000022;COTE-D'OR;Côte-d'Or;21;27
21112;Broin;5,1039894;47,0867685;21;1;2018/01/01 00:00:00.000;1;DEPARTEM_FXX_00000000022;COTE-D'OR;Côte-d'Or;21;27
21540;Saint-Apollinaire;5,0931885;47,335927;21;1;2018/01/01 00:00:00.000;1;DEPARTEM_FXX_00000000022;COTE-D'OR;Côte-d'Or;21;27
70101;Broye-Aubigney-Montseugny;5,5191973;47,3305373;70;1;2018/01/01 00:00:00.000;1;DEPARTEM_FXX_00000000022;COTE-D'OR;Côte-d'Or;21;27
21458;Noiron-sous-Gevrey;5,0850804;47,1888649;21;1;2018/01/01 00:00:00.000;1;DEPARTEM_FXX_00000000022;COTE-D'OR;Côte-d'Or;21;27
21022;Argilly;5,0247473;47,0685923;21;1;2018/01/01 00:00:00.000;1;DEPARTEM_FXX_00000000022;COTE-D'OR;Côte-d'Or;21;27
21566;Saint-Pierre-en-Vaux;4,5292929;47,0564997;21;1;2018/01/01 00:00:00.000;1;DEPARTEM_FXX_00000000022;COTE-D'OR;Côte-d'Or;21;27
21713;Vonges;5,3956229;47,2891755;21;1;2018/01/01 00:00:00.000;1;DEPARTEM_FXX_00000000022;COTE-D'OR;Côte-d'Or;21;27
39490;Saint-Loup;5,3051162;46,9963981;39;1;2018/01/01 00:00:00.000;1;DEPARTEM_FXX_00000000022;COTE-D'OR;Côte-d'Or;21;27
21571;Saint-Sauveur;5,4062302;47,3584544;21;1;2018/01/01 00:00:00.000;1;DEPARTEM_FXX_00000000022;COTE-D'OR;Côte-d'Or;21;27
21172;Chivres;5,0919984;46,9678871;21;1;2018/01/01 00:00:00.000;1;DEPARTEM_FXX_00000000022;COTE-D'OR;Côte-d'Or;21;27
71085;Change;4,6289527;46,9306506;71;1;2018/01/01 00:00:00.000;1;DEPARTEM_FXX_00000000022;COTE-D'OR;Côte-d'Or;21;27
21660;Veilly;4,5970336;47,1266633;21;1;2018/01/01 00:00:00.000;1;DEPARTEM_FXX_00000000022;COTE-D'OR;Côte-d'Or;21;27
21140;Champignolles;4,5677624;47,0510107;21;1;2018/01/01 00:00:00.000;1;DEPARTEM_FXX_00000000022;COTE-D'OR;Côte-d'Or;21;27
21463;Normier;4,4337311;47,3633097;21;1;2018/01/01 00:00:00.000;1;DEPARTEM_FXX_00000000022;COTE-D'OR;Côte-d'Or;21;27
21595;Savolles;5,2753762;47,3771946;21;1;2018/01/01 00:00:00.000;1;DEPARTEM_FXX_00000000022;COTE-D'OR;Côte-d'Or;21;27
21481;Perrigny-lès-Dijon;5,0197386;47,2578485;21;1;2018/01/01 00:00:00.000;1;DEPARTEM_FXX_00000000022;COTE-D'OR;Côte-d'Or;21;27
21691;Villebichot;5,0427166;47,1401826;21;1;2018/01/01 00:00:00.000;1;DEPARTEM_FXX_00000000022;COTE-D'OR;Côte-d'Or;21;27
71174;Dezize-lès-Maranges;4,6595602;46,9232529;71;1;2018/01/01 00:00:00.000;1;DEPARTEM_FXX_00000000022;COTE-D'OR;Côte-d'Or;21;27
21537;Saffres;4,5808225;47,3665444;21;1;2018/01/01 00:00:00.000;1;DEPARTEM_FXX_00000000022;COTE-D'OR;Côte-d'Or;21;27
21600;Semarey;4,6261113;47,2684653;21;1;2018/01/01 00:00:00.000;1;DEPARTEM_FXX_00000000022;COTE-D'OR;Côte-d'Or;21;27
21502;Pouilly-sur-Saône;5,1215428;47,0112505;21;1;2018/01/01 00:00:00.000;1;DEPARTEM_FXX_00000000022;COTE-D'OR;Côte-d'Or;21;27
21625;Ternant;4,8334837;47,2000689;21;1;2018/01/01 00:00:00.000;1;DEPARTEM_FXX_00000000022;COTE-D'OR;Côte-d'Or;21;27
21643;Tréclun;5,2892556;47,1923823;21;1;2018/01/01 00:00:00.000;1;DEPARTEM_FXX_00000000022;COTE-D'OR;Côte-d'Or;21;27
21353;Longecourt-en-Plaine;5,1463041;47,1982738;21;1;2018/01/01 00:00:00.000;1;DEPARTEM_FXX_00000000022;COTE-D'OR;Côte-d'Or;21;27
21493;Poncey-lès-Athée;5,3850584;47,2357443;21;1;2018/01/01 00:00:00.000;1;DEPARTEM_FXX_00000000022;COTE-D'OR;Côte-d'Or;21;27
21214;Crugey;4,6816669;47,181365;21;1;2018/01/01 00:00:00.000;1;DEPARTEM_FXX_00000000022;COTE-D'OR;Côte-d'Or;21;27
21636;Thury;4,527385;47,0282553;21;1;2018/01/01 00:00:00.000;1;DEPARTEM_FXX_00000000022;COTE-D'OR;Côte-d'Or;21;27
21014;Antheuil;4,7490182;47,1763542;21;1;2018/01/01 00:00:00.000;1;DEPARTEM_FXX_00000000022;COTE-D'OR;Côte-d'Or;21;27
21285;Franxault;5,2643119;47,0481163;21;1;2018/01/01 00:00:00.000;1;DEPARTEM_FXX_00000000022;COTE-D'OR;Côte-d'Or;21;27
21558;Sainte-Marie-la-Blanche;4,8918008;46,9740423;21;1;2018/01/01 00:00:00.000;1;DEPARTEM_FXX_00000000022;COTE-D'OR;Côte-d'Or;21;27
21476;Painblanc;4,6246574;47,1486858;21;1;2018/01/01 00:00:00.000;1;DEPARTEM_FXX_00000000022;COTE-D'OR;Côte-d'Or;21;27
21166;Chenôve;5,0048274;47,2926108;21;1;2018/01/01 00:00:00.000;1;DEPARTEM_FXX_00000000022;COTE-D'OR;Côte-d'Or;21;27
21192;Corcelles-les-Monts;4,9421102;47,3039101;21;1;2018/01/01 00:00:00.000;1;DEPARTEM_FXX_00000000022;COTE-D'OR;Côte-d'Or;21;27
21182;Collonges-lès-Bévy;4,8371348;47,1713767;21;1;2018/01/01 00:00:00.000;1;DEPARTEM_FXX_00000000022;COTE-D'OR;Côte-d'Or;21;27
21406;Mesmont;4,74315;47,3122149;21;1;2018/01/01 00:00:00.000;1;DEPARTEM_FXX_00000000022;COTE-D'OR;Côte-d'Or;21;27
21384;Marey-lès-Fussey;4,8626836;47,1219767;21;1;2018/01/01 00:00:00.000;1;DEPARTEM_FXX_00000000022;COTE-D'OR;Côte-d'Or;21;27
21169;Chevannes;4,8338152;47,1587425;21;1;2018/01/01 00:00:00.000;1;DEPARTEM_FXX_00000000022;COTE-D'OR;Côte-d'Or;21;27
71190;Épinac;4,5197919;46,9910685;71;1;2018/01/01 00:00:00.000;1;DEPARTEM_FXX_00000000022;COTE-D'OR;Côte-d'Or;21;27
21447;Musigny;4,5226233;47,1648019;21;1;2018/01/01 00:00:00.000;1;DEPARTEM_FXX_00000000022;COTE-D'OR;Côte-d'Or;21;27
21564;Saint-Nicolas-lès-Cîteaux;5,0844492;47,1290293;21;1;2018/01/01 00:00:00.000;1;DEPARTEM_FXX_00000000022;COTE-D'OR;Côte-d'Or;21;27
21153;Châtellenot;4,4877818;47,2375391;21;1;2018/01/01 00:00:00.000;1;DEPARTEM_FXX_00000000022;COTE-D'OR;Côte-d'Or;21;27
39501;Sampans;5,4455936;47,1271979;39;1;2018/01/01 00:00:00.000;1;DEPARTEM_FXX_00000000022;COTE-D'OR;Côte-d'Or;21;27
21164;Chazilly;4,5831104;47,1833661;21;1;2018/01/01 00:00:00.000;1;DEPARTEM_FXX_00000000022;COTE-D'OR;Côte-d'Or;21;27
21015;Antigny-la-Ville;4,5599305;47,1014595;21;1;2018/01/01 00:00:00.000;1;DEPARTEM_FXX_00000000022;COTE-D'OR;Côte-d'Or;21;27
21187;Commarin;4,6525087;47,2491355;21;1;2018/01/01 00:00:00.000;1;DEPARTEM_FXX_00000000022;COTE-D'OR;Côte-d'Or;21;27
21113;Broindon;5,0402734;47,1957189;21;1;2018/01/01 00:00:00.000;1;DEPARTEM_FXX_00000000022;COTE-D'OR;Côte-d'Or;21;27
21028;Athée;5,361313;47,2254218;21;1;2018/01/01 00:00:00.000;1;DEPARTEM_FXX_00000000022;COTE-D'OR;Côte-d'Or;21;27
21322;Jallanges;5,1726184;46,9845327;21;1;2018/01/01 00:00:00.000;1;DEPARTEM_FXX_00000000022;COTE-D'OR;Côte-d'Or;21;27
21366;Magny-lès-Aubigny;5,1690028;47,1118816;21;1;2018/01/01 00:00:00.000;1;DEPARTEM_FXX_00000000022;COTE-D'OR;Côte-d'Or;21;27
21009;Allerey;4,4206072;47,1902421;21;1;2018/01/01 00:00:00.000;1;DEPARTEM_FXX_00000000022;COTE-D'OR;Côte-d'Or;21;27
39141;Chevigny;5,4741577;47,1764912;39;1;2018/01/01 00:00:00.000;1;DEPARTEM_FXX_00000000022;COTE-D'OR;Côte-d'Or;21;27
21376;Marandeuil;5,3402694;47,3452243;21;1;2018/01/01 00:00:00.000;1;DEPARTEM_FXX_00000000022;COTE-D'OR;Côte-d'Or;21;27
21618;Talmay;5,460292;47,3666444;21;1;2018/01/01 00:00:00.000;1;DEPARTEM_FXX_00000000022;COTE-D'OR;Côte-d'Or;21;27
21189;Corberon;5,0090865;47,0104193;21;1;2018/01/01 00:00:00.000;1;DEPARTEM_FXX_00000000022;COTE-D'OR;Côte-d'Or;21;27
21373;Mâlain;4,7941913;47,3207853;21;1;2018/01/01 00:00:00.000;1;DEPARTEM_FXX_00000000022;COTE-D'OR;Côte-d'Or;21;27
21306;Grenant-lès-Sombernon;4,7119929;47,2689651;21;1;2018/01/01 00:00:00.000;1;DEPARTEM_FXX_00000000022;COTE-D'OR;Côte-d'Or;21;27
39001;Abergement-la-Ronce;5,3777147;47,0647969;39;1;2018/01/01 00:00:00.000;1;DEPARTEM_FXX_00000000022;COTE-D'OR;Côte-d'Or;21;27
21657;Varois-et-Chaignot;5,1252996;47,355452;21;1;2018/01/01 00:00:00.000;1;DEPARTEM_FXX_00000000022;COTE-D'OR;Côte-d'Or;21;27
21649;Uncey-le-Franc;4,5748843;47,3437875;21;1;2018/01/01 00:00:00.000;1;DEPARTEM_FXX_00000000022;COTE-D'OR;Côte-d'Or;21;27
21170;Chevigny-en-Valière;4,9813612;46,9689033;21;1;2018/01/01 00:00:00.000;1;DEPARTEM_FXX_00000000022;COTE-D'OR;Côte-d'Or;21;27
21013;Ancey;4,8225612;47,3333096;21;1;2018/01/01 00:00:00.000;1;DEPARTEM_FXX_00000000022;COTE-D'OR;Côte-d'Or;21;27
21534;Ruffey-lès-Beaune;4,9224556;47,0219375;21;1;2018/01/01 00:00:00.000;1;DEPARTEM_FXX_00000000022;COTE-D'OR;Côte-d'Or;21;27
21354;Longecourt-lès-Culêtre;4,5516495;47,1607485;21;1;2018/01/01 00:00:00.000;1;DEPARTEM_FXX_00000000022;COTE-D'OR;Côte-d'Or;21;27
21054;Beaune;4,8373324;47,0255766;21;1;2018/01/01 00:00:00.000;1;DEPARTEM_FXX_00000000022;COTE-D'OR;Côte-d'Or;21;27
21060;Belleneuve;5,274054;47,3574979;21;1;2018/01/01 00:00:00.000;1;DEPARTEM_FXX_00000000022;COTE-D'OR;Côte-d'Or;21;27
21601;Semezanges;4,8507766;47,2157155;21;1;2018/01/01 00:00:00.000;1;DEPARTEM_FXX_00000000022;COTE-D'OR;Côte-d'Or;21;27
21387;Marigny-lès-Reullée;4,9577372;47,0084301;21;1;2018/01/01 00:00:00.000;1;DEPARTEM_FXX_00000000022;COTE-D'OR;Côte-d'Or;21;27
71109;Chassey-le-Camp;4,7031614;46,8872571;71;1;2018/01/01 00:00:00.000;1;DEPARTEM_FXX_00000000022;COTE-D'OR;Côte-d'Or;21;27
21656;Varanges;5,1915668;47,2349045;21;1;2018/01/01 00:00:00.000;1;DEPARTEM_FXX_00000000022;COTE-D'OR;Côte-d'Or;21;27
21501;Pouilly-en-Auxois;4,5563507;47,2628003;21;1;2018/01/01 00:00:00.000;1;DEPARTEM_FXX_00000000022;COTE-D'OR;Côte-d'Or;21;27
71170;Demigny;4,8480376;46,9146713;71;1;2018/01/01 00:00:00.000;1;DEPARTEM_FXX_00000000022;COTE-D'OR;Côte-d'Or;21;27
21442;Morey-Saint-Denis;4,9618928;47,1997964;21;1;2018/01/01 00:00:00.000;1;DEPARTEM_FXX_00000000022;COTE-D'OR;Côte-d'Or;21;27
21634;Thorey-sur-Ouche;4,6926139;47,1488944;21;1;2018/01/01 00:00:00.000;1;DEPARTEM_FXX_00000000022;COTE-D'OR;Côte-d'Or;21;27
71119;Chaudenay;4,794766;46,9149177;71;1;2018/01/01 00:00:00.000;1;DEPARTEM_FXX_00000000022;COTE-D'OR;Côte-d'Or;21;27
21615;Sussey;4,3724959;47,2147011;21;1;2018/01/01 00:00:00.000;1;DEPARTEM_FXX_00000000022;COTE-D'OR;Côte-d'Or;21;27
21037;Auxey-Duresses;4,731765;46,9850923;21;1;2018/01/01 00:00:00.000;1;DEPARTEM_FXX_00000000022;COTE-D'OR;Côte-d'Or;21;27
21605;Sennecey-lès-Dijon;5,1046603;47,2921377;21;1;2018/01/01 00:00:00.000;1;DEPARTEM_FXX_00000000022;COTE-D'OR;Côte-d'Or;21;27
21572;Saint-Seine-en-Bâche;5,3772317;47,1162705;21;1;2018/01/01 00:00:00.000;1;DEPARTEM_FXX_00000000022;COTE-D'OR;Côte-d'Or;21;27
21592;Savigny-sous-Mâlain;4,7542912;47,3315987;21;1;2018/01/01 00:00:00.000;1;DEPARTEM_FXX_00000000022;COTE-D'OR;Côte-d'Or;21;27
21234;Drée;4,6954755;47,3438017;21;1;2018/01/01 00:00:00.000;1;DEPARTEM_FXX_00000000022;COTE-D'OR;Côte-d'Or;21;27
21045;Barbirey-sur-Ouche;4,7405165;47,2523542;21;1;2018/01/01 00:00:00.000;1;DEPARTEM_FXX_00000000022;COTE-D'OR;Côte-d'Or;21;27
21316;Heuilley-sur-Saône;5,4660192;47,33614;21;1;2018/01/01 00:00:00.000;1;DEPARTEM_FXX_00000000022;COTE-D'OR;Côte-d'Or;21;27
71315;Mont-lès-Seurre;5,1297897;46,9529565;71;1;2018/01/01 00:00:00.000;1;DEPARTEM_FXX_00000000022;COTE-D'OR;Côte-d'Or;21;27
21070;Bévy;4,8395451;47,1818867;21;1;2018/01/01 00:00:00.000;1;DEPARTEM_FXX_00000000022;COTE-D'OR;Côte-d'Or;21;27
21300;Gissey-sur-Ouche;4,7828126;47,2605389;21;1;2018/01/01 00:00:00.000;1;DEPARTEM_FXX_00000000022;COTE-D'OR;Côte-d'Or;21;27
21274;Foissy;4,5521234;47,1251514;21;1;2018/01/01 00:00:00.000;1;DEPARTEM_FXX_00000000022;COTE-D'OR;Côte-d'Or;21;27
21195;Cormot-Vauchignon;4,6464512;46,9779072;21;1;2018/01/01 00:00:00.000;1;DEPARTEM_FXX_00000000022;COTE-D'OR;Côte-d'Or;21;27
21021;Arc-sur-Tille;5,2008589;47,3387584;21;1;2018/01/01 00:00:00.000;1;DEPARTEM_FXX_00000000022;COTE-D'OR;Côte-d'Or;21;27
21131;Chamblanc;5,168443;47,022395;21;1;2018/01/01 00:00:00.000;1;DEPARTEM_FXX_00000000022;COTE-D'OR;Côte-d'Or;21;27
21535;Ruffey-lès-Echirey;5,0840393;47,367522;21;1;2018/01/01 00:00:00.000;1;DEPARTEM_FXX_00000000022;COTE-D'OR;Côte-d'Or;21;27
21324;Jeux-lès-Bard;4,2551707;47,5316942;21;1;2018/01/01 00:00:00.000;1;DEPARTEM_FXX_00000000022;COTE-D'OR;Côte-d'Or;21;27
21367;Magny-Montarlot;5,3472541;47,2491813;21;1;2018/01/01 00:00:00.000;1;DEPARTEM_FXX_00000000022;COTE-D'OR;Côte-d'Or;21;27
21517;Quincey;4,9720964;47,1073802;21;1;2018/01/01 00:00:00.000;1;DEPARTEM_FXX_00000000022;COTE-D'OR;Côte-d'Or;21;27
71457;Saint-Martin-en-Gâtinois;5,0075577;46,9432454;71;1;2018/01/01 00:00:00.000;1;DEPARTEM_FXX_00000000022;COTE-D'OR;Côte-d'Or;21;27
21035;Auvillars-sur-Saône;5,1087481;47,0590808;21;1;2018/01/01 00:00:00.000;1;DEPARTEM_FXX_00000000022;COTE-D'OR;Côte-d'Or;21;27
21423;Montagny-lès-Beaune;4,8534447;46,9857576;21;1;2018/01/01 00:00:00.000;1;DEPARTEM_FXX_00000000022;COTE-D'OR;Côte-d'Or;21;27
21154;Châtillon-sur-Seine;4,5919583;47,8583695;21;1;2018/01/01 00:00:00.000;1;DEPARTEM_FXX_00000000022;COTE-D'OR;Côte-d'Or;21;27
21040;Avosnes;4,6327847;47,3691001;21;1;2018/01/01 00:00:00.000;1;DEPARTEM_FXX_00000000022;COTE-D'OR;Côte-d'Or;21;27
21611;Sombernon;4,7023918;47,3107538;21;1;2018/01/01 00:00:00.000;1;DEPARTEM_FXX_00000000022;COTE-D'OR;Côte-d'Or;21;27
21420;Molinot;4,580296;47,0107301;21;1;2018/01/01 00:00:00.000;1;DEPARTEM_FXX_00000000022;COTE-D'OR;Côte-d'Or;21;27
39189;Damparis;5,4082711;47,0706473;39;1;2018/01/01 00:00:00.000;1;DEPARTEM_FXX_00000000022;COTE-D'OR;Côte-d'Or;21;27
21411;Meursanges;4,9438227;46,9818328;21;1;2018/01/01 00:00:00.000;1;DEPARTEM_FXX_00000000022;COTE-D'OR;Côte-d'Or;21;27
21229;Diancey;4,367183;47,1746371;21;1;2018/01/01 00:00:00.000;1;DEPARTEM_FXX_00000000022;COTE-D'OR;Côte-d'Or;21;27
21401;Meloisey;4,7202254;47,0348241;21;1;2018/01/01 00:00:00.000;1;DEPARTEM_FXX_00000000022;COTE-D'OR;Côte-d'Or;21;27
21066;Bessey-la-Cour;4,6053117;47,1030873;21;1;2018/01/01 00:00:00.000;1;DEPARTEM_FXX_00000000022;COTE-D'OR;Côte-d'Or;21;27
21263;Fénay;5,0543341;47,24496;21;1;2018/01/01 00:00:00.000;1;DEPARTEM_FXX_00000000022;COTE-D'OR;Côte-d'Or;21;27
21095;Bousselange;5,252524;46,9940676;21;1;2018/01/01 00:00:00.000;1;DEPARTEM_FXX_00000000022;COTE-D'OR;Côte-d'Or;21;27
21068;Beurey-Bauguay;4,4300293;47,2314671;21;1;2018/01/01 00:00:00.000;1;DEPARTEM_FXX_00000000022;COTE-D'OR;Côte-d'Or;21;27
21239;Échenon;5,2869223;47,1200755;21;1;2018/01/01 00:00:00.000;1;DEPARTEM_FXX_00000000022;COTE-D'OR;Côte-d'Or;21;27
71122;Cheilly-lès-Maranges;4,6667049;46,8925593;71;1;2018/01/01 00:00:00.000;1;DEPARTEM_FXX_00000000022;COTE-D'OR;Côte-d'Or;21;27
21251;Essey;4,5222479;47,2064107;21;1;2018/01/01 00:00:00.000;1;DEPARTEM_FXX_00000000022;COTE-D'OR;Côte-d'Or;21;27
21295;Gevrey-Chambertin;4,982553;47,2200533;21;1;2018/01/01 00:00:00.000;1;DEPARTEM_FXX_00000000022;COTE-D'OR;Côte-d'Or;21;27
21065;Bessey-en-Chaume;4,7428759;47,0880154;21;1;2018/01/01 00:00:00.000;1;DEPARTEM_FXX_00000000022;COTE-D'OR;Côte-d'Or;21;27
21193;Corgengoux;5,0114273;46,9883267;21;1;2018/01/01 00:00:00.000;1;DEPARTEM_FXX_00000000022;COTE-D'OR;Côte-d'Or;21;27
21347;Levernois;4,8713815;46,9939428;21;1;2018/01/01 00:00:00.000;1;DEPARTEM_FXX_00000000022;COTE-D'OR;Côte-d'Or;21;27
21339;Lantenay;4,8655254;47,3439198;21;1;2018/01/01 00:00:00.000;1;DEPARTEM_FXX_00000000022;COTE-D'OR;Côte-d'Or;21;27
21110;Brochon;4,9564926;47,2388452;21;1;2018/01/01 00:00:00.000;1;DEPARTEM_FXX_00000000022;COTE-D'OR;Côte-d'Or;21;27
21652;Vandenesse-en-Auxois;4,620473;47,2232416;21;1;2018/01/01 00:00:00.000;1;DEPARTEM_FXX_00000000022;COTE-D'OR;Côte-d'Or;21;27
71438;Saint-Léger-du-Bois;4,4330043;47,0231333;71;1;2018/01/01 00:00:00.000;1;DEPARTEM_FXX_00000000022;COTE-D'OR;Côte-d'Or;21;27
21644;Trochères;5,314246;47,3481508;21;1;2018/01/01 00:00:00.000;1;DEPARTEM_FXX_00000000022;COTE-D'OR;Côte-d'Or;21;27
21086;Bligny-lès-Beaune;4,8307839;46,9818413;21;1;2018/01/01 00:00:00.000;1;DEPARTEM_FXX_00000000022;COTE-D'OR;Côte-d'Or;21;27
21683;Viévy;4,4563885;47,0575318;21;1;2018/01/01 00:00:00.000;1;DEPARTEM_FXX_00000000022;COTE-D'OR;Côte-d'Or;21;27
21495;Pont;5,3241812;47,1787982;21;1;2018/01/01 00:00:00.000;1;DEPARTEM_FXX_00000000022;COTE-D'OR;Côte-d'Or;21;27
21473;Ouges;5,0782373;47,2605931;21;1;2018/01/01 00:00:00.000;1;DEPARTEM_FXX_00000000022;COTE-D'OR;Côte-d'Or;21;27
21351;Longchamp;5,2959733;47,261852;21;1;2018/01/01 00:00:00.000;1;DEPARTEM_FXX_00000000022;COTE-D'OR;Côte-d'Or;21;27
21477;Panges;4,8027471;47,3740904;21;1;2018/01/01 00:00:00.000;1;DEPARTEM_FXX_00000000022;COTE-D'OR;Côte-d'Or;21;27
21478;Pasques;4,851793;47,3777998;21;1;2018/01/01 00:00:00.000;1;DEPARTEM_FXX_00000000022;COTE-D'OR;Côte-d'Or;21;27
89019;Arthonnay;4,2303999;47,9320956;89;1;2018/01/01 00:00:00.000;1;DEPARTEM_FXX_00000000022;COTE-D'OR;Côte-d'Or;21;27
21221;Cussy-la-Colonne;4,6468732;47,0426403;21;1;2018/01/01 00:00:00.000;1;DEPARTEM_FXX_00000000022;COTE-D'OR;Côte-d'Or;21;27
10079;Channes;4,2663475;47,940877;10;1;2018/01/01 00:00:00.000;1;DEPARTEM_FXX_00000000022;COTE-D'OR;Côte-d'Or;21;27
21437;Montmançon;5,3745928;47,3551787;21;1;2018/01/01 00:00:00.000;1;DEPARTEM_FXX_00000000022;COTE-D'OR;Côte-d'Or;21;27
71530;Sully;4,4573224;46,9872936;71;1;2018/01/01 00:00:00.000;1;DEPARTEM_FXX_00000000022;COTE-D'OR;Côte-d'Or;21;27
21228;Détain-et-Bruant;4,7876526;47,1747375;21;1;2018/01/01 00:00:00.000;1;DEPARTEM_FXX_00000000022;COTE-D'OR;Côte-d'Or;21;27
21449;Nan-sous-Thil;4,3589971;47,38063;21;1;2018/01/01 00:00:00.000;1;DEPARTEM_FXX_00000000022;COTE-D'OR;Côte-d'Or;21;27
21292;Genlis;5,2211757;47,2409317;21;1;2018/01/01 00:00:00.000;1;DEPARTEM_FXX_00000000022;COTE-D'OR;Côte-d'Or;21;27
21582;Santenay;4,693376;46,9170441;21;1;2018/01/01 00:00:00.000;1;DEPARTEM_FXX_00000000022;COTE-D'OR;Côte-d'Or;21;27
21290;Gemeaux;5,1406366;47,4768947;21;1;2018/01/01 00:00:00.000;1;DEPARTEM_FXX_00000000022;COTE-D'OR;Côte-d'Or;21;27
21120;La Bussière-sur-Ouche;4,6992586;47,2266452;21;1;2018/01/01 00:00:00.000;1;DEPARTEM_FXX_00000000022;COTE-D'OR;Côte-d'Or;21;27
21698;Villers-la-Faye;4,884116;47,1087468;21;1;2018/01/01 00:00:00.000;1;DEPARTEM_FXX_00000000022;COTE-D'OR;Côte-d'Or;21;27
21356;Losne;5,2759517;47,0776261;21;1;2018/01/01 00:00:00.000;1;DEPARTEM_FXX_00000000022;COTE-D'OR;Côte-d'Or;21;27
21273;Fleurey-sur-Ouche;4,8638734;47,3003053;21;1;2018/01/01 00:00:00.000;1;DEPARTEM_FXX_00000000022;COTE-D'OR;Côte-d'Or;21;27
21033;Aubigny-lès-Sombernon;4,6421825;47,3006018;21;1;2018/01/01 00:00:00.000;1;DEPARTEM_FXX_00000000022;COTE-D'OR;Côte-d'Or;21;27
21588;Saussey;4,6093209;47,0636011;21;1;2018/01/01 00:00:00.000;1;DEPARTEM_FXX_00000000022;COTE-D'OR;Côte-d'Or;21;27
21673;Veuvey-sur-Ouche;4,7172746;47,1831289;21;1;2018/01/01 00:00:00.000;1;DEPARTEM_FXX_00000000022;COTE-D'OR;Côte-d'Or;21;27
21177;Clamerey;4,4221713;47,3872243;21;1;2018/01/01 00:00:00.000;1;DEPARTEM_FXX_00000000022;COTE-D'OR;Côte-d'Or;21;27
21081;Blaisy-Haut;4,7671157;47,3615052;21;1;2018/01/01 00:00:00.000;1;DEPARTEM_FXX_00000000022;COTE-D'OR;Côte-d'Or;21;27
21244;Éguilly;4,5004836;47,3014515;21;1;2018/01/01 00:00:00.000;1;DEPARTEM_FXX_00000000022;COTE-D'OR;Côte-d'Or;21;27
21155;Chaudenay-la-Ville;4,6439283;47,1619213;21;1;2018/01/01 00:00:00.000;1;DEPARTEM_FXX_00000000022;COTE-D'OR;Côte-d'Or;21;27
21036;Auxant;4,6204004;47,1306354;21;1;2018/01/01 00:00:00.000;1;DEPARTEM_FXX_00000000022;COTE-D'OR;Côte-d'Or;21;27
21708;Villy-le-Moutier;4,9875277;47,0385378;21;1;2018/01/01 00:00:00.000;1;DEPARTEM_FXX_00000000022;COTE-D'OR;Côte-d'Or;21;27
21532;Rouvres-en-Plaine;5,1389728;47,2382137;21;1;2018/01/01 00:00:00.000;1;DEPARTEM_FXX_00000000022;COTE-D'OR;Côte-d'Or;21;27
21590;Savigny-lès-Beaune;4,8032949;47,0805449;21;1;2018/01/01 00:00:00.000;1;DEPARTEM_FXX_00000000022;COTE-D'OR;Côte-d'Or;21;27
39409;Peintre;5,4730052;47,1978414;39;1;2018/01/01 00:00:00.000;1;DEPARTEM_FXX_00000000022;COTE-D'OR;Côte-d'Or;21;27
21482;Perrigny-sur-l'Ognon;5,4637219;47,3053832;21;1;2018/01/01 00:00:00.000;1;DEPARTEM_FXX_00000000022;COTE-D'OR;Côte-d'Or;21;27
21450;Nantoux;4,7593704;47,03434;21;1;2018/01/01 00:00:00.000;1;DEPARTEM_FXX_00000000022;COTE-D'OR;Côte-d'Or;21;27
21069;Beurizot;4,4961755;47,355566;21;1;2018/01/01 00:00:00.000;1;DEPARTEM_FXX_00000000022;COTE-D'OR;Côte-d'Or;21;27
21097;Boussey;4,5415982;47,3613816;21;1;2018/01/01 00:00:00.000;1;DEPARTEM_FXX_00000000022;COTE-D'OR;Côte-d'Or;21;27
21382;Marcilly-Ogny;4,4028983;47,2484102;21;1;2018/01/01 00:00:00.000;1;DEPARTEM_FXX_00000000022;COTE-D'OR;Côte-d'Or;21;27
21171;Chevigny-Saint-Sauveur;5,1367071;47,2998745;21;1;2018/01/01 00:00:00.000;1;DEPARTEM_FXX_00000000022;COTE-D'OR;Côte-d'Or;21;27
21126;Cessey-sur-Tille;5,229079;47,2825628;21;1;2018/01/01 00:00:00.000;1;DEPARTEM_FXX_00000000022;COTE-D'OR;Côte-d'Or;21;27
21368;Magny-lès-Villers;4,8752979;47,0944027;21;1;2018/01/01 00:00:00.000;1;DEPARTEM_FXX_00000000022;COTE-D'OR;Côte-d'Or;21;27
21268;Flagey-lès-Auxonne;5,3946062;47,1316573;21;1;2018/01/01 00:00:00.000;1;DEPARTEM_FXX_00000000022;COTE-D'OR;Côte-d'Or;21;27
21616;Tailly;4,8170966;46,9653831;21;1;2018/01/01 00:00:00.000;1;DEPARTEM_FXX_00000000022;COTE-D'OR;Côte-d'Or;21;27
21297;Gilly-lès-Cîteaux;4,9974278;47,1776078;21;1;2018/01/01 00:00:00.000;1;DEPARTEM_FXX_00000000022;COTE-D'OR;Côte-d'Or;21;27
21091;Bouhey;4,6777522;47,2012857;21;1;2018/01/01 00:00:00.000;1;DEPARTEM_FXX_00000000022;COTE-D'OR;Côte-d'Or;21;27
21633;Thorey-sous-Charny;4,4500161;47,3295018;21;1;2018/01/01 00:00:00.000;1;DEPARTEM_FXX_00000000022;COTE-D'OR;Côte-d'Or;21;27
21265;Fixin;4,9655614;47,2482914;21;1;2018/01/01 00:00:00.000;1;DEPARTEM_FXX_00000000022;COTE-D'OR;Côte-d'Or;21;27
21152;Châteauneuf;4,6514944;47,2194104;21;1;2018/01/01 00:00:00.000;1;DEPARTEM_FXX_00000000022;COTE-D'OR;Côte-d'Or;21;27
89321;Ravières;4,2531361;47,7434587;89;1;2018/01/01 00:00:00.000;1;DEPARTEM_FXX_00000000022;COTE-D'OR;Côte-d'Or;21;27
71357;Pourlans;5,2368918;46,9626981;71;1;2018/01/01 00:00:00.000;1;DEPARTEM_FXX_00000000022;COTE-D'OR;Côte-d'Or;21;27
21631;Thomirey;4,5866643;47,0875079;21;1;2018/01/01 00:00:00.000;1;DEPARTEM_FXX_00000000022;COTE-D'OR;Côte-d'Or;21;27
21331;Labergement-lès-Auxonne;5,3797296;47,1599225;21;1;2018/01/01 00:00:00.000;1;DEPARTEM_FXX_00000000022;COTE-D'OR;Côte-d'Or;21;27
21089;Bonnencontre;5,1423022;47,08656;21;1;2018/01/01 00:00:00.000;1;DEPARTEM_FXX_00000000022;COTE-D'OR;Côte-d'Or;21;27
21020;Arconcey;4,4611864;47,2161172;21;1;2018/01/01 00:00:00.000;1;DEPARTEM_FXX_00000000022;COTE-D'OR;Côte-d'Or;21;27
89197;Guillon-Terre-Plaine;4,0708206;47,5265423;89;1;2020/05/01 00:00:00.000;1;DEPARTEM_FXX_00000000022;COTE-D'OR;Côte-d'Or;21;27
21695;La Villeneuve-les-Convers;4,5917442;47,5757771;21;1;2018/01/01 00:00:00.000;1;DEPARTEM_FXX_00000000022;COTE-D'OR;Côte-d'Or;21;27
21662;Velogny;4,4651236;47,4018405;21;1;2018/01/01 00:00:00.000;1;DEPARTEM_FXX_00000000022;COTE-D'OR;Côte-d'Or;21;27
21240;Échevannes;5,1604493;47,5474227;21;1;2018/01/01 00:00:00.000;1;DEPARTEM_FXX_00000000022;COTE-D'OR;Côte-d'Or;21;27
21309;Griselles;4,3660624;47,8758597;21;1;2018/01/01 00:00:00.000;1;DEPARTEM_FXX_00000000022;COTE-D'OR;Côte-d'Or;21;27
21694;Villeferry;4,5290686;47,4499801;21;1;2018/01/01 00:00:00.000;1;DEPARTEM_FXX_00000000022;COTE-D'OR;Côte-d'Or;21;27
21496;Pontailler-sur-Saône;5,4128558;47,301831;21;1;2018/01/01 00:00:00.000;1;DEPARTEM_FXX_00000000022;COTE-D'OR;Côte-d'Or;21;27
21612;Souhey;4,420853;47,4879464;21;1;2018/01/01 00:00:00.000;1;DEPARTEM_FXX_00000000022;COTE-D'OR;Côte-d'Or;21;27
21530;Rougemont;4,2579598;47,6707753;21;1;2018/01/01 00:00:00.000;1;DEPARTEM_FXX_00000000022;COTE-D'OR;Côte-d'Or;21;27
21388;Marliens;5,1785022;47,2162053;21;1;2018/01/01 00:00:00.000;1;DEPARTEM_FXX_00000000022;COTE-D'OR;Côte-d'Or;21;27
21212;Crépand;4,3100043;47,6070433;21;1;2018/01/01 00:00:00.000;1;DEPARTEM_FXX_00000000022;COTE-D'OR;Côte-d'Or;21;27
21523;Reulle-Vergy;4,8964774;47,1885196;21;1;2018/01/01 00:00:00.000;1;DEPARTEM_FXX_00000000022;COTE-D'OR;Côte-d'Or;21;27
21676;Vic-de-Chassenay;4,2627558;47,4708534;21;1;2018/01/01 00:00:00.000;1;DEPARTEM_FXX_00000000022;COTE-D'OR;Côte-d'Or;21;27
21520;Remilly-en-Montagne;4,7292832;47,2903285;21;1;2018/01/01 00:00:00.000;1;DEPARTEM_FXX_00000000022;COTE-D'OR;Côte-d'Or;21;27
21057;Beire-le-Fort;5,2609399;47,2380282;21;1;2018/01/01 00:00:00.000;1;DEPARTEM_FXX_00000000022;COTE-D'OR;Côte-d'Or;21;27
21405;Merceuil;4,8483451;46,9539493;21;1;2018/01/01 00:00:00.000;1;DEPARTEM_FXX_00000000022;COTE-D'OR;Côte-d'Or;21;27
21468;Orain;5,4346365;47,6103725;21;1;2018/01/01 00:00:00.000;1;DEPARTEM_FXX_00000000022;COTE-D'OR;Côte-d'Or;21;27
21219;Curtil-Vergy;4,8944852;47,1710076;21;1;2018/01/01 00:00:00.000;1;DEPARTEM_FXX_00000000022;COTE-D'OR;Côte-d'Or;21;27
21602;Semond;4,5727887;47,7130453;21;1;2018/01/01 00:00:00.000;1;DEPARTEM_FXX_00000000022;COTE-D'OR;Côte-d'Or;21;27
21238;Échannay;4,6796578;47,2808787;21;1;2018/01/01 00:00:00.000;1;DEPARTEM_FXX_00000000022;COTE-D'OR;Côte-d'Or;21;27
21678;Vic-sous-Thil;4,31721;47,3669583;21;1;2018/01/01 00:00:00.000;1;DEPARTEM_FXX_00000000022;COTE-D'OR;Côte-d'Or;21;27
21639;Tillenay;5,3515948;47,1895627;21;1;2018/01/01 00:00:00.000;1;DEPARTEM_FXX_00000000022;COTE-D'OR;Côte-d'Or;21;27
21379;Marcheseuil;4,3726574;47,1447264;21;1;2018/01/01 00:00:00.000;1;DEPARTEM_FXX_00000000022;COTE-D'OR;Côte-d'Or;21;27
21176;Civry-en-Montagne;4,6059145;47,2897929;21;1;2018/01/01 00:00:00.000;1;DEPARTEM_FXX_00000000022;COTE-D'OR;Côte-d'Or;21;27
21264;Le Fête;4,508362;47,180069;21;1;2018/01/01 00:00:00.000;1;DEPARTEM_FXX_00000000022;COTE-D'OR;Côte-d'Or;21;27
21047;Bard-lès-Époisses;4,2245071;47,5283815;21;1;2018/01/01 00:00:00.000;1;DEPARTEM_FXX_00000000022;COTE-D'OR;Côte-d'Or;21;27
21025;Arrans;4,3281049;47,6901857;21;1;2018/01/01 00:00:00.000;1;DEPARTEM_FXX_00000000022;COTE-D'OR;Côte-d'Or;21;27
89210;Jully;4,2986501;47,7745975;89;1;2018/01/01 00:00:00.000;1;DEPARTEM_FXX_00000000022;COTE-D'OR;Côte-d'Or;21;27
21143;Channay;4,3199153;47,8908609;21;1;2018/01/01 00:00:00.000;1;DEPARTEM_FXX_00000000022;COTE-D'OR;Côte-d'Or;21;27
21568;Saint-Rémy;4,3011382;47,6515514;21;1;2018/01/01 00:00:00.000;1;DEPARTEM_FXX_00000000022;COTE-D'OR;Côte-d'Or;21;27
89187;Gigny;4,3051486;47,8290093;89;1;2018/01/01 00:00:00.000;1;DEPARTEM_FXX_00000000022;COTE-D'OR;Côte-d'Or;21;27
89131;Cruzy-le-Châtel;4,2285674;47,8727797;89;1;2018/01/01 00:00:00.000;1;DEPARTEM_FXX_00000000022;COTE-D'OR;Côte-d'Or;21;27
89296;Perrigny-sur-Armançon;4,2181999;47,6864744;89;1;2018/01/01 00:00:00.000;1;DEPARTEM_FXX_00000000022;COTE-D'OR;Côte-d'Or;21;27
89385;Sennevoy-le-Bas;4,3093697;47,8012494;89;1;2018/01/01 00:00:00.000;1;DEPARTEM_FXX_00000000022;COTE-D'OR;Côte-d'Or;21;27
21648;Turcey;4,7190146;47,4087867;21;1;2018/01/01 00:00:00.000;1;DEPARTEM_FXX_00000000022;COTE-D'OR;Côte-d'Or;21;27
21664;Verdonnet;4,3356015;47,7421695;21;1;2018/01/01 00:00:00.000;1;DEPARTEM_FXX_00000000022;COTE-D'OR;Côte-d'Or;21;27
10058;Bragelogne-Beauvoir;4,2670296;47,9699467;10;1;2018/01/01 00:00:00.000;1;DEPARTEM_FXX_00000000022;COTE-D'OR;Côte-d'Or;21;27
21026;Asnières-en-Montagne;4,2921826;47,7132924;21;1;2018/01/01 00:00:00.000;1;DEPARTEM_FXX_00000000022;COTE-D'OR;Côte-d'Or;21;27
21114;Buffon;4,2744048;47,6560805;21;1;2018/01/01 00:00:00.000;1;DEPARTEM_FXX_00000000022;COTE-D'OR;Côte-d'Or;21;27
21531;Rouvray;4,1107083;47,4176674;21;1;2018/01/01 00:00:00.000;1;DEPARTEM_FXX_00000000022;COTE-D'OR;Côte-d'Or;21;27
21538;Saint-Andeux;4,0929392;47,3950611;21;1;2018/01/01 00:00:00.000;1;DEPARTEM_FXX_00000000022;COTE-D'OR;Côte-d'Or;21;27
21569;Saint-Romain;4,7029572;47,0123328;21;1;2018/01/01 00:00:00.000;1;DEPARTEM_FXX_00000000022;COTE-D'OR;Côte-d'Or;21;27
89377;Sauvigny-le-Beuréal;4,1068385;47,4812198;89;1;2018/01/01 00:00:00.000;1;DEPARTEM_FXX_00000000022;COTE-D'OR;Côte-d'Or;21;27
21681;Vieux-Château;4,1358329;47,4708981;21;1;2018/01/01 00:00:00.000;1;DEPARTEM_FXX_00000000022;COTE-D'OR;Côte-d'Or;21;27
89351;Sainte-Magnance;4,0848782;47,4526174;89;1;2018/01/01 00:00:00.000;1;DEPARTEM_FXX_00000000022;COTE-D'OR;Côte-d'Or;21;27
89379;Savigny-en-Terre-Plaine;4,083263;47,4938715;89;1;2018/01/01 00:00:00.000;1;DEPARTEM_FXX_00000000022;COTE-D'OR;Côte-d'Or;21;27
89058;Bussières;4,052797;47,4276456;89;1;2018/01/01 00:00:00.000;1;DEPARTEM_FXX_00000000022;COTE-D'OR;Côte-d'Or;21;27
89300;Pisy;4,1423615;47,5650767;89;1;2018/01/01 00:00:00.000;1;DEPARTEM_FXX_00000000022;COTE-D'OR;Côte-d'Or;21;27
21642;Toutry;4,1288628;47,5008276;21;1;2018/01/01 00:00:00.000;1;DEPARTEM_FXX_00000000022;COTE-D'OR;Côte-d'Or;21;27
21608;Sincey-lès-Rouvray;4,1310993;47,4334794;21;1;2018/01/01 00:00:00.000;1;DEPARTEM_FXX_00000000022;COTE-D'OR;Côte-d'Or;21;27
21583;Santosse;4,6342782;47,0069983;21;1;2018/01/01 00:00:00.000;1;DEPARTEM_FXX_00000000022;COTE-D'OR;Côte-d'Or;21;27
21565;Saint-Philibert;5,0139186;47,2031128;21;1;2018/01/01 00:00:00.000;1;DEPARTEM_FXX_00000000022;COTE-D'OR;Côte-d'Or;21;27
21092;Bouilland;4,7709854;47,1352953;21;1;2018/01/01 00:00:00.000;1;DEPARTEM_FXX_00000000022;COTE-D'OR;Côte-d'Or;21;27
21518;Quincy-le-Vicomte;4,2396712;47,6170867;21;1;2018/01/01 00:00:00.000;1;DEPARTEM_FXX_00000000022;COTE-D'OR;Côte-d'Or;21;27
71237;Igornay;4,3785256;47,0570087;71;1;2018/01/01 00:00:00.000;1;DEPARTEM_FXX_00000000022;COTE-D'OR;Côte-d'Or;21;27
21428;Monthelie;4,7620148;46,9992515;21;1;2018/01/01 00:00:00.000;1;DEPARTEM_FXX_00000000022;COTE-D'OR;Côte-d'Or;21;27
21454;Nicey;4,2938764;47,8656182;21;1;2018/01/01 00:00:00.000;1;DEPARTEM_FXX_00000000022;COTE-D'OR;Côte-d'Or;21;27
21626;Terrefondrée;4,8414371;47,7275134;21;1;2018/01/01 00:00:00.000;1;DEPARTEM_FXX_00000000022;COTE-D'OR;Côte-d'Or;21;27
21385;Marey-sur-Tille;5,0820842;47,59418;21;1;2018/01/01 00:00:00.000;1;DEPARTEM_FXX_00000000022;COTE-D'OR;Côte-d'Or;21;27
21334;Lacanche;4,5554598;47,0746038;21;1;2018/01/01 00:00:00.000;1;DEPARTEM_FXX_00000000022;COTE-D'OR;Côte-d'Or;21;27
21555;Saint-Julien;5,1412016;47,3956656;21;1;2018/01/01 00:00:00.000;1;DEPARTEM_FXX_00000000022;COTE-D'OR;Côte-d'Or;21;27
71186;Écuelles;5,0697976;46,9514139;71;1;2018/01/01 00:00:00.000;1;DEPARTEM_FXX_00000000022;COTE-D'OR;Côte-d'Or;21;27
21235;Duesme;4,693116;47,6369687;21;1;2018/01/01 00:00:00.000;1;DEPARTEM_FXX_00000000022;COTE-D'OR;Côte-d'Or;21;27
21471;Orret;4,7012506;47,6088719;21;1;2018/01/01 00:00:00.000;1;DEPARTEM_FXX_00000000022;COTE-D'OR;Côte-d'Or;21;27
21627;Thenissey;4,6188212;47,496481;21;1;2018/01/01 00:00:00.000;1;DEPARTEM_FXX_00000000022;COTE-D'OR;Côte-d'Or;21;27
21168;Chevannay;4,6534203;47,390914;21;1;2018/01/01 00:00:00.000;1;DEPARTEM_FXX_00000000022;COTE-D'OR;Côte-d'Or;21;27
21360;Lusigny-sur-Ouche;4,6829541;47,0825552;21;1;2018/01/01 00:00:00.000;1;DEPARTEM_FXX_00000000022;COTE-D'OR;Côte-d'Or;21;27
21237;Échalot;4,8349418;47,6073135;21;1;2018/01/01 00:00:00.000;1;DEPARTEM_FXX_00000000022;COTE-D'OR;Côte-d'Or;21;27
21203;Courcelles-Frémoy;4,1864762;47,4467633;21;1;2018/01/01 00:00:00.000;1;DEPARTEM_FXX_00000000022;COTE-D'OR;Côte-d'Or;21;27
21604;Senailly;4,2665704;47,5829917;21;1;2018/01/01 00:00:00.000;1;DEPARTEM_FXX_00000000022;COTE-D'OR;Côte-d'Or;21;27
21426;Montberthault;4,1579541;47,4615208;21;1;2018/01/01 00:00:00.000;1;DEPARTEM_FXX_00000000022;COTE-D'OR;Côte-d'Or;21;27
21413;Millery;4,317828;47,5136441;21;1;2018/01/01 00:00:00.000;1;DEPARTEM_FXX_00000000022;COTE-D'OR;Côte-d'Or;21;27
21029;Athie;4,2584107;47,5624138;21;1;2018/01/01 00:00:00.000;1;DEPARTEM_FXX_00000000022;COTE-D'OR;Côte-d'Or;21;27
21640;Torcy-et-Pouligny;4,2362153;47,497136;21;1;2018/01/01 00:00:00.000;1;DEPARTEM_FXX_00000000022;COTE-D'OR;Côte-d'Or;21;27
21505;Précy-sous-Thil;4,3167685;47,4012409;21;1;2018/01/01 00:00:00.000;1;DEPARTEM_FXX_00000000022;COTE-D'OR;Côte-d'Or;21;27
21199;Corsaint;4,2022205;47,547054;21;1;2018/01/01 00:00:00.000;1;DEPARTEM_FXX_00000000022;COTE-D'OR;Côte-d'Or;21;27
89431;Vassy-sous-Pisy;4,1689797;47,5723662;89;1;2018/01/01 00:00:00.000;1;DEPARTEM_FXX_00000000022;COTE-D'OR;Côte-d'Or;21;27
21007;Aisy-sous-Thil;4,2788236;47,3936455;21;1;2018/01/01 00:00:00.000;1;DEPARTEM_FXX_00000000022;COTE-D'OR;Côte-d'Or;21;27
21686;Villaines-les-Prévôtes;4,307798;47,5537037;21;1;2018/01/01 00:00:00.000;1;DEPARTEM_FXX_00000000022;COTE-D'OR;Côte-d'Or;21;27
21198;Corrombles;4,2029465;47,5180725;21;1;2018/01/01 00:00:00.000;1;DEPARTEM_FXX_00000000022;COTE-D'OR;Côte-d'Or;21;27
21232;Dompierre-en-Morvan;4,2315176;47,40062;21;1;2018/01/01 00:00:00.000;1;DEPARTEM_FXX_00000000022;COTE-D'OR;Côte-d'Or;21;27
21291;Genay;4,2844288;47,5245489;21;1;2018/01/01 00:00:00.000;1;DEPARTEM_FXX_00000000022;COTE-D'OR;Côte-d'Or;21;27
21247;Époisses;4,1707025;47,5036853;21;1;2018/01/01 00:00:00.000;1;DEPARTEM_FXX_00000000022;COTE-D'OR;Côte-d'Or;21;27
89042;Bierry-les-Belles-Fontaines;4,1796129;47,6157707;89;1;2018/01/01 00:00:00.000;1;DEPARTEM_FXX_00000000022;COTE-D'OR;Côte-d'Or;21;27
21282;Forléans;4,2064562;47,4712266;21;1;2018/01/01 00:00:00.000;1;DEPARTEM_FXX_00000000022;COTE-D'OR;Côte-d'Or;21;27
21430;Montigny-Saint-Barthélemy;4,2620188;47,4202423;21;1;2018/01/01 00:00:00.000;1;DEPARTEM_FXX_00000000022;COTE-D'OR;Côte-d'Or;21;27
21661;Velars-sur-Ouche;4,9092546;47,3184179;21;1;2018/01/01 00:00:00.000;1;DEPARTEM_FXX_00000000022;COTE-D'OR;Côte-d'Or;21;27
21709;Viserny;4,2842254;47,5623696;21;1;2018/01/01 00:00:00.000;1;DEPARTEM_FXX_00000000022;COTE-D'OR;Côte-d'Or;21;27
21205;Courcelles-lès-Semur;4,2928005;47,4489726;21;1;2018/01/01 00:00:00.000;1;DEPARTEM_FXX_00000000022;COTE-D'OR;Côte-d'Or;21;27
21260;Fain-lès-Moutiers;4,2118574;47,5839752;21;1;2018/01/01 00:00:00.000;1;DEPARTEM_FXX_00000000022;COTE-D'OR;Côte-d'Or;21;27
21446;Moutiers-Saint-Jean;4,2250731;47,5621293;21;1;2018/01/01 00:00:00.000;1;DEPARTEM_FXX_00000000022;COTE-D'OR;Côte-d'Or;21;27
21516;Quincerot;4,2710196;47,6177705;21;1;2018/01/01 00:00:00.000;1;DEPARTEM_FXX_00000000022;COTE-D'OR;Côte-d'Or;21;27
21717;Voulaines-les-Templiers;4,7761407;47,8303936;21;1;2018/01/01 00:00:00.000;1;DEPARTEM_FXX_00000000022;COTE-D'OR;Côte-d'Or;21;27
21165;Chemin-d'Aisey;4,551079;47,7333475;21;1;2018/01/01 00:00:00.000;1;DEPARTEM_FXX_00000000022;COTE-D'OR;Côte-d'Or;21;27
21077;Bissey-la-Côte;4,7069669;47,9120101;21;1;2018/01/01 00:00:00.000;1;DEPARTEM_FXX_00000000022;COTE-D'OR;Côte-d'Or;21;27
21470;Origny;4,6326592;47,7126829;21;1;2018/01/01 00:00:00.000;1;DEPARTEM_FXX_00000000022;COTE-D'OR;Côte-d'Or;21;27
21599;Selongey;5,1996992;47,594874;21;1;2018/01/01 00:00:00.000;1;DEPARTEM_FXX_00000000022;COTE-D'OR;Côte-d'Or;21;27
52360;Occey;5,2718573;47,6042595;52;1;2018/01/01 00:00:00.000;1;DEPARTEM_FXX_00000000022;COTE-D'OR;Côte-d'Or;21;27
21053;Beaumont-sur-Vingeanne;5,3475856;47,4620963;21;1;2018/01/01 00:00:00.000;1;DEPARTEM_FXX_00000000022;COTE-D'OR;Côte-d'Or;21;27
52094;Vals-des-Tilles;5,0820186;47,6937275;52;1;2018/01/01 00:00:00.000;1;DEPARTEM_FXX_00000000022;COTE-D'OR;Côte-d'Or;21;27
21635;Thoste;4,2270039;47,4355865;21;1;2018/01/01 00:00:00.000;1;DEPARTEM_FXX_00000000022;COTE-D'OR;Côte-d'Or;21;27
70041;Autrey-lès-Gray;5,4654392;47,4646652;70;1;2018/01/01 00:00:00.000;1;DEPARTEM_FXX_00000000022;COTE-D'OR;Côte-d'Or;21;27
21427;Montceau-et-Écharnant;4,6666981;47,0613449;21;1;2018/01/01 00:00:00.000;1;DEPARTEM_FXX_00000000022;COTE-D'OR;Côte-d'Or;21;27
21606;Ladoix-Serrigny;4,9121113;47,0622172;21;1;2018/01/01 00:00:00.000;1;DEPARTEM_FXX_00000000022;COTE-D'OR;Côte-d'Or;21;27
21574;Saint-Seine-sur-Vingeanne;5,4335077;47,5165632;21;1;2018/01/01 00:00:00.000;1;DEPARTEM_FXX_00000000022;COTE-D'OR;Côte-d'Or;21;27
21305;Grancey-sur-Ource;4,5773571;47,9993724;21;1;2018/01/01 00:00:00.000;1;DEPARTEM_FXX_00000000022;COTE-D'OR;Côte-d'Or;21;27
21340;Lanthes;5,2041937;46,9990424;21;1;2018/01/01 00:00:00.000;1;DEPARTEM_FXX_00000000022;COTE-D'OR;Côte-d'Or;21;27
21006;Aisey-sur-Seine;4,5790541;47,7478382;21;1;2018/01/01 00:00:00.000;1;DEPARTEM_FXX_00000000022;COTE-D'OR;Côte-d'Or;21;27
21494;Poncey-sur-l'Ignon;4,751956;47,490543;21;1;2018/01/01 00:00:00.000;1;DEPARTEM_FXX_00000000022;COTE-D'OR;Côte-d'Or;21;27
21499;Pothières;4,4969216;47,9175732;21;1;2018/01/01 00:00:00.000;1;DEPARTEM_FXX_00000000022;COTE-D'OR;Côte-d'Or;21;27
21336;Laignes;4,3682392;47,8261863;21;1;2018/01/01 00:00:00.000;1;DEPARTEM_FXX_00000000022;COTE-D'OR;Côte-d'Or;21;27
21252;Étais;4,4399571;47,7013248;21;1;2018/01/01 00:00:00.000;1;DEPARTEM_FXX_00000000022;COTE-D'OR;Côte-d'Or;21;27
10317;Les Riceys;4,3688587;47,9871998;10;1;2018/01/01 00:00:00.000;1;DEPARTEM_FXX_00000000022;COTE-D'OR;Côte-d'Or;21;27
21107;Bretigny;5,0997811;47,3937554;21;1;2018/01/01 00:00:00.000;1;DEPARTEM_FXX_00000000022;COTE-D'OR;Côte-d'Or;21;27
21554;Saint-Jean-de-Losne;5,2659471;47,1018378;21;1;2018/01/01 00:00:00.000;1;DEPARTEM_FXX_00000000022;COTE-D'OR;Côte-d'Or;21;27
21137;Champ-d'Oiseau;4,3475411;47,5544431;21;1;2018/01/01 00:00:00.000;1;DEPARTEM_FXX_00000000022;COTE-D'OR;Côte-d'Or;21;27
21064;Benoisey;4,3947991;47,5768892;21;1;2018/01/01 00:00:00.000;1;DEPARTEM_FXX_00000000022;COTE-D'OR;Côte-d'Or;21;27
21603;Semur-en-Auxois;4,3415313;47,4910003;21;1;2018/01/01 00:00:00.000;1;DEPARTEM_FXX_00000000022;COTE-D'OR;Côte-d'Or;21;27
21287;Fresnes;4,4386322;47,6099116;21;1;2018/01/01 00:00:00.000;1;DEPARTEM_FXX_00000000022;COTE-D'OR;Côte-d'Or;21;27
21327;Val-Mont;4,6156833;47,0321454;21;1;2018/01/01 00:00:00.000;1;DEPARTEM_FXX_00000000022;COTE-D'OR;Côte-d'Or;21;27
21144;Charencey;4,670405;47,4199307;21;1;2018/01/01 00:00:00.000;1;DEPARTEM_FXX_00000000022;COTE-D'OR;Côte-d'Or;21;27
21416;Mirebeau-sur-Bèze;5,3222636;47,4021758;21;1;2018/01/01 00:00:00.000;1;DEPARTEM_FXX_00000000022;COTE-D'OR;Côte-d'Or;21;27
21539;Saint-Anthot;4,6431063;47,3205159;21;1;2018/01/01 00:00:00.000;1;DEPARTEM_FXX_00000000022;COTE-D'OR;Côte-d'Or;21;27
21464;Nuits-Saint-Georges;4,9385472;47,1465919;21;1;2018/01/01 00:00:00.000;1;DEPARTEM_FXX_00000000022;COTE-D'OR;Côte-d'Or;21;27
21688;Villars-Fontaine;4,901043;47,149575;21;1;2018/01/01 00:00:00.000;1;DEPARTEM_FXX_00000000022;COTE-D'OR;Côte-d'Or;21;27
21337;Lamarche-sur-Saône;5,3698282;47,272882;21;1;2018/01/01 00:00:00.000;1;DEPARTEM_FXX_00000000022;COTE-D'OR;Côte-d'Or;21;27
52138;Colmier-le-Haut;4,9880151;47,7865204;52;1;2018/01/01 00:00:00.000;1;DEPARTEM_FXX_00000000022;COTE-D'OR;Côte-d'Or;21;27
52393;Poinsenot;5,0080769;47,7164528;52;1;2018/01/01 00:00:00.000;1;DEPARTEM_FXX_00000000022;COTE-D'OR;Côte-d'Or;21;27
52016;Arbot;5,0169391;47,8471943;52;1;2018/01/01 00:00:00.000;1;DEPARTEM_FXX_00000000022;COTE-D'OR;Côte-d'Or;21;27
52439;Rouvres-sur-Aube;4,9878129;47,8612558;52;1;2018/01/01 00:00:00.000;1;DEPARTEM_FXX_00000000022;COTE-D'OR;Côte-d'Or;21;27
21227;Darois;4,933173;47,3939601;21;1;2018/01/01 00:00:00.000;1;DEPARTEM_FXX_00000000022;COTE-D'OR;Côte-d'Or;21;27
21651;Val-Suzon;4,9080102;47,4265369;21;1;2018/01/01 00:00:00.000;1;DEPARTEM_FXX_00000000022;COTE-D'OR;Côte-d'Or;21;27
52526;Villars-Santenoge;4,9993617;47,7445767;52;1;2018/01/01 00:00:00.000;1;DEPARTEM_FXX_00000000022;COTE-D'OR;Côte-d'Or;21;27
21504;Prâlon;4,7755197;47,3104608;21;1;2018/01/01 00:00:00.000;1;DEPARTEM_FXX_00000000022;COTE-D'OR;Côte-d'Or;21;27
21563;Saint-Mesmin;4,6552136;47,3460742;21;1;2018/01/01 00:00:00.000;1;DEPARTEM_FXX_00000000022;COTE-D'OR;Côte-d'Or;21;27
21679;Vieilmoulin;4,6723484;47,3139979;21;1;2018/01/01 00:00:00.000;1;DEPARTEM_FXX_00000000022;COTE-D'OR;Côte-d'Or;21;27
21396;Mauvilly;4,7036441;47,7093962;21;1;2018/01/01 00:00:00.000;1;DEPARTEM_FXX_00000000022;COTE-D'OR;Côte-d'Or;21;27
21659;Vaux-Saules;4,8224077;47,4746061;21;1;2018/01/01 00:00:00.000;1;DEPARTEM_FXX_00000000022;COTE-D'OR;Côte-d'Or;21;27
21410;Meulson;4,7020743;47,691948;21;1;2018/01/01 00:00:00.000;1;DEPARTEM_FXX_00000000022;COTE-D'OR;Côte-d'Or;21;27
21043;Baigneux-les-Juifs;4,6514785;47,6009107;21;1;2018/01/01 00:00:00.000;1;DEPARTEM_FXX_00000000022;COTE-D'OR;Côte-d'Or;21;27
21670;Verrey-sous-Salmaise;4,674579;47,4384446;21;1;2018/01/01 00:00:00.000;1;DEPARTEM_FXX_00000000022;COTE-D'OR;Côte-d'Or;21;27
21479;Pellerey;4,7889214;47,5121489;21;1;2018/01/01 00:00:00.000;1;DEPARTEM_FXX_00000000022;COTE-D'OR;Côte-d'Or;21;27
21707;Villy-en-Auxois;4,6283667;47,4148667;21;1;2018/01/01 00:00:00.000;1;DEPARTEM_FXX_00000000022;COTE-D'OR;Côte-d'Or;21;27
21466;Oigny;4,7245833;47,5835002;21;1;2018/01/01 00:00:00.000;1;DEPARTEM_FXX_00000000022;COTE-D'OR;Côte-d'Or;21;27
21061;Bellenod-sur-Seine;4,6452781;47,6951236;21;1;2018/01/01 00:00:00.000;1;DEPARTEM_FXX_00000000022;COTE-D'OR;Côte-d'Or;21;27
21075;Billy-lès-Chanceaux;4,7348492;47,5528076;21;1;2018/01/01 00:00:00.000;1;DEPARTEM_FXX_00000000022;COTE-D'OR;Côte-d'Or;21;27
21253;Étalante;4,7664399;47,6293187;21;1;2018/01/01 00:00:00.000;1;DEPARTEM_FXX_00000000022;COTE-D'OR;Côte-d'Or;21;27
21141;Champrenault;4,6810784;47,3998978;21;1;2018/01/01 00:00:00.000;1;DEPARTEM_FXX_00000000022;COTE-D'OR;Côte-d'Or;21;27
21705;Villotte-Saint-Seine;4,713054;47,4297182;21;1;2018/01/01 00:00:00.000;1;DEPARTEM_FXX_00000000022;COTE-D'OR;Côte-d'Or;21;27
21098;Boux-sous-Salmaise;4,6440289;47,4733092;21;1;2018/01/01 00:00:00.000;1;DEPARTEM_FXX_00000000022;COTE-D'OR;Côte-d'Or;21;27
21321;Jailly-les-Moulins;4,5936922;47,4625371;21;1;2018/01/01 00:00:00.000;1;DEPARTEM_FXX_00000000022;COTE-D'OR;Côte-d'Or;21;27
21345;Léry;4,845721;47,5564971;21;1;2018/01/01 00:00:00.000;1;DEPARTEM_FXX_00000000022;COTE-D'OR;Côte-d'Or;21;27
21690;Villeberny;4,6002849;47,4362051;21;1;2018/01/01 00:00:00.000;1;DEPARTEM_FXX_00000000022;COTE-D'OR;Côte-d'Or;21;27
21561;Saint-Martin-du-Mont;4,8120044;47,4151095;21;1;2018/01/01 00:00:00.000;1;DEPARTEM_FXX_00000000022;COTE-D'OR;Côte-d'Or;21;27
21085;Bligny-le-Sec;4,7406863;47,4481792;21;1;2018/01/01 00:00:00.000;1;DEPARTEM_FXX_00000000022;COTE-D'OR;Côte-d'Or;21;27
21528;La Roche-Vanneau;4,5297991;47,4706911;21;1;2018/01/01 00:00:00.000;1;DEPARTEM_FXX_00000000022;COTE-D'OR;Côte-d'Or;21;27
21395;Massingy-lès-Vitteaux;4,5898337;47,395492;21;1;2018/01/01 00:00:00.000;1;DEPARTEM_FXX_00000000022;COTE-D'OR;Côte-d'Or;21;27
21224;Dampierre-en-Montagne;4,5586745;47,4388128;21;1;2018/01/01 00:00:00.000;1;DEPARTEM_FXX_00000000022;COTE-D'OR;Côte-d'Or;21;27
21557;Saint-Marc-sur-Seine;4,6004414;47,699908;21;1;2018/01/01 00:00:00.000;1;DEPARTEM_FXX_00000000022;COTE-D'OR;Côte-d'Or;21;27
21685;Villaines-en-Duesmois;4,5200453;47,6871056;21;1;2018/01/01 00:00:00.000;1;DEPARTEM_FXX_00000000022;COTE-D'OR;Côte-d'Or;21;27
21197;Corpoyer-la-Chapelle;4,6097221;47,5489609;21;1;2018/01/01 00:00:00.000;1;DEPARTEM_FXX_00000000022;COTE-D'OR;Côte-d'Or;21;27
21011;Ampilly-les-Bordes;4,627206;47,6390557;21;1;2018/01/01 00:00:00.000;1;DEPARTEM_FXX_00000000022;COTE-D'OR;Côte-d'Or;21;27
21142;Chanceaux;4,7404736;47,5254577;21;1;2018/01/01 00:00:00.000;1;DEPARTEM_FXX_00000000022;COTE-D'OR;Côte-d'Or;21;27
21358;Lucenay-le-Duc;4,5000771;47,6222774;21;1;2018/01/01 00:00:00.000;1;DEPARTEM_FXX_00000000022;COTE-D'OR;Côte-d'Or;21;27
21288;Frôlois;4,6476401;47,5290776;21;1;2018/01/01 00:00:00.000;1;DEPARTEM_FXX_00000000022;COTE-D'OR;Côte-d'Or;21;27
21122;Bussy-le-Grand;4,5230706;47,5761519;21;1;2018/01/01 00:00:00.000;1;DEPARTEM_FXX_00000000022;COTE-D'OR;Côte-d'Or;21;27
21055;Beaunotte;4,7167367;47,6814969;21;1;2018/01/01 00:00:00.000;1;DEPARTEM_FXX_00000000022;COTE-D'OR;Côte-d'Or;21;27
21160;Chaume-lès-Baigneux;4,5736774;47,6328919;21;1;2018/01/01 00:00:00.000;1;DEPARTEM_FXX_00000000022;COTE-D'OR;Côte-d'Or;21;27
21024;Arnay-sous-Vitteaux;4,4987654;47,4372368;21;1;2018/01/01 00:00:00.000;1;DEPARTEM_FXX_00000000022;COTE-D'OR;Côte-d'Or;21;27
21489;Poiseul-la-Grange;4,7937295;47,5775633;21;1;2018/01/01 00:00:00.000;1;DEPARTEM_FXX_00000000022;COTE-D'OR;Côte-d'Or;21;27
21490;Poiseul-la-Ville-et-Laperrière;4,6641168;47,5695456;21;1;2018/01/01 00:00:00.000;1;DEPARTEM_FXX_00000000022;COTE-D'OR;Côte-d'Or;21;27
21381;Marcilly-et-Dracy;4,4962079;47,4057677;21;1;2018/01/01 00:00:00.000;1;DEPARTEM_FXX_00000000022;COTE-D'OR;Côte-d'Or;21;27
21514;Quemigny-sur-Seine;4,6593601;47,6559126;21;1;2018/01/01 00:00:00.000;1;DEPARTEM_FXX_00000000022;COTE-D'OR;Côte-d'Or;21;27
21136;Champagny;4,767301;47,461436;21;1;2018/01/01 00:00:00.000;1;DEPARTEM_FXX_00000000022;COTE-D'OR;Côte-d'Or;21;27
21307;Grésigny-Sainte-Reine;4,4962373;47,5515682;21;1;2018/01/01 00:00:00.000;1;DEPARTEM_FXX_00000000022;COTE-D'OR;Côte-d'Or;21;27
21543;Saint-Broing-les-Moines;4,842958;47,7010616;21;1;2018/01/01 00:00:00.000;1;DEPARTEM_FXX_00000000022;COTE-D'OR;Côte-d'Or;21;27
21326;Jours-lès-Baigneux;4,6041217;47,6250902;21;1;2018/01/01 00:00:00.000;1;DEPARTEM_FXX_00000000022;COTE-D'OR;Côte-d'Or;21;27
21646;Trouhaut;4,763312;47,391005;21;1;2018/01/01 00:00:00.000;1;DEPARTEM_FXX_00000000022;COTE-D'OR;Côte-d'Or;21;27
21257;Étormay;4,5813636;47,5976795;21;1;2018/01/01 00:00:00.000;1;DEPARTEM_FXX_00000000022;COTE-D'OR;Côte-d'Or;21;27
21364;Magny-Lambert;4,5859176;47,6794338;21;1;2018/01/01 00:00:00.000;1;DEPARTEM_FXX_00000000022;COTE-D'OR;Côte-d'Or;21;27
21573;Saint-Seine-l'Abbaye;4,782087;47,4414115;21;1;2018/01/01 00:00:00.000;1;DEPARTEM_FXX_00000000022;COTE-D'OR;Côte-d'Or;21;27
21299;Gissey-sous-Flavigny;4,5852492;47,5182258;21;1;2018/01/01 00:00:00.000;1;DEPARTEM_FXX_00000000022;COTE-D'OR;Côte-d'Or;21;27
21004;Aignay-le-Duc;4,7511939;47,6716596;21;1;2018/01/01 00:00:00.000;1;DEPARTEM_FXX_00000000022;COTE-D'OR;Côte-d'Or;21;27
21498;Posanges;4,5262093;47,4216008;21;1;2018/01/01 00:00:00.000;1;DEPARTEM_FXX_00000000022;COTE-D'OR;Côte-d'Or;21;27
21418;Moitron;4,8084461;47,6819312;21;1;2018/01/01 00:00:00.000;1;DEPARTEM_FXX_00000000022;COTE-D'OR;Côte-d'Or;21;27
21226;Darcey;4,5663667;47,5469841;21;1;2018/01/01 00:00:00.000;1;DEPARTEM_FXX_00000000022;COTE-D'OR;Côte-d'Or;21;27
21580;Salmaise;4,6749917;47,4551661;21;1;2018/01/01 00:00:00.000;1;DEPARTEM_FXX_00000000022;COTE-D'OR;Côte-d'Or;21;27
21276;Fontaines-en-Duesmois;4,5348925;47,6495098;21;1;2018/01/01 00:00:00.000;1;DEPARTEM_FXX_00000000022;COTE-D'OR;Côte-d'Or;21;27
21393;Massingy;4,5984279;47,9016956;21;1;2018/01/01 00:00:00.000;1;DEPARTEM_FXX_00000000022;COTE-D'OR;Côte-d'Or;21;27
21372;Maisey-le-Duc;4,6759387;47,8450751;21;1;2018/01/01 00:00:00.000;1;DEPARTEM_FXX_00000000022;COTE-D'OR;Côte-d'Or;21;27
21115;Buncey;4,57687;47,8176189;21;1;2018/01/01 00:00:00.000;1;DEPARTEM_FXX_00000000022;COTE-D'OR;Côte-d'Or;21;27
21058;Belan-sur-Ource;4,6382928;47,9517543;21;1;2018/01/01 00:00:00.000;1;DEPARTEM_FXX_00000000022;COTE-D'OR;Côte-d'Or;21;27
21258;Étrochey;4,5200315;47,8891841;21;1;2018/01/01 00:00:00.000;1;DEPARTEM_FXX_00000000022;COTE-D'OR;Côte-d'Or;21;27
21465;Obtrée;4,5662025;47,9322597;21;1;2018/01/01 00:00:00.000;1;DEPARTEM_FXX_00000000022;COTE-D'OR;Côte-d'Or;21;27
21312;Gurgy-la-Ville;4,9387136;47,8519011;21;1;2018/01/01 00:00:00.000;1;DEPARTEM_FXX_00000000022;COTE-D'OR;Côte-d'Or;21;27
21202;Courban;4,739348;47,9160425;21;1;2018/01/01 00:00:00.000;1;DEPARTEM_FXX_00000000022;COTE-D'OR;Côte-d'Or;21;27
21090;Boudreville;4,8317736;47,9296911;21;1;2018/01/01 00:00:00.000;1;DEPARTEM_FXX_00000000022;COTE-D'OR;Côte-d'Or;21;27
52022;Aubepierre-sur-Aube;4,9504291;47,9100339;52;1;2018/01/01 00:00:00.000;1;DEPARTEM_FXX_00000000022;COTE-D'OR;Côte-d'Or;21;27
21359;Lucey;4,8629222;47,8522494;21;1;2018/01/01 00:00:00.000;1;DEPARTEM_FXX_00000000022;COTE-D'OR;Côte-d'Or;21;27
21519;Recey-sur-Ource;4,8625898;47,7808474;21;1;2018/01/01 00:00:00.000;1;DEPARTEM_FXX_00000000022;COTE-D'OR;Côte-d'Or;21;27
21700;Villers-Patras;4,5467358;47,9353153;21;1;2018/01/01 00:00:00.000;1;DEPARTEM_FXX_00000000022;COTE-D'OR;Côte-d'Or;21;27
21134;Chamesson;4,5414538;47,7832685;21;1;2018/01/01 00:00:00.000;1;DEPARTEM_FXX_00000000022;COTE-D'OR;Côte-d'Or;21;27
21526;Rochefort-sur-Brévon;4,7069491;47,7407666;21;1;2018/01/01 00:00:00.000;1;DEPARTEM_FXX_00000000022;COTE-D'OR;Côte-d'Or;21;27
21549;Saint-Germain-le-Rocheux;4,6625018;47,7557017;21;1;2018/01/01 00:00:00.000;1;DEPARTEM_FXX_00000000022;COTE-D'OR;Côte-d'Or;21;27
21313;Gurgy-le-Château;4,927912;47,8285851;21;1;2018/01/01 00:00:00.000;1;DEPARTEM_FXX_00000000022;COTE-D'OR;Côte-d'Or;21;27
21109;Brion-sur-Ource;4,6694885;47,9060885;21;1;2018/01/01 00:00:00.000;1;DEPARTEM_FXX_00000000022;COTE-D'OR;Côte-d'Or;21;27
21159;La Chaume;4,8230221;47,8814146;21;1;2018/01/01 00:00:00.000;1;DEPARTEM_FXX_00000000022;COTE-D'OR;Côte-d'Or;21;27
21628;Thoires;4,682349;47,9412196;21;1;2018/01/01 00:00:00.000;1;DEPARTEM_FXX_00000000022;COTE-D'OR;Côte-d'Or;21;27
52165;Dancevoir;4,8795505;47,9337357;52;1;2018/01/01 00:00:00.000;1;DEPARTEM_FXX_00000000022;COTE-D'OR;Côte-d'Or;21;27
21161;Chaumont-le-Bois;4,5930573;47,9338538;21;1;2018/01/01 00:00:00.000;1;DEPARTEM_FXX_00000000022;COTE-D'OR;Côte-d'Or;21;27
21157;Chaugey;4,9496468;47,7455459;21;1;2018/01/01 00:00:00.000;1;DEPARTEM_FXX_00000000022;COTE-D'OR;Côte-d'Or;21;27
21104;Brémur-et-Vaurois;4,6092632;47,7295568;21;1;2018/01/01 00:00:00.000;1;DEPARTEM_FXX_00000000022;COTE-D'OR;Côte-d'Or;21;27
52137;Colmier-le-Bas;4,9401831;47,7721715;52;1;2018/01/01 00:00:00.000;1;DEPARTEM_FXX_00000000022;COTE-D'OR;Côte-d'Or;21;27
21357;Louesme;4,7637938;47,8893363;21;1;2018/01/01 00:00:00.000;1;DEPARTEM_FXX_00000000022;COTE-D'OR;Côte-d'Or;21;27
21123;Buxerolles;4,9557596;47,8077096;21;1;2018/01/01 00:00:00.000;1;DEPARTEM_FXX_00000000022;COTE-D'OR;Côte-d'Or;21;27
21674;Veuxhaulles-sur-Aube;4,8121053;47,9396674;21;1;2018/01/01 00:00:00.000;1;DEPARTEM_FXX_00000000022;COTE-D'OR;Côte-d'Or;21;27
21711;Vix;4,5369412;47,9070405;21;1;2018/01/01 00:00:00.000;1;DEPARTEM_FXX_00000000022;COTE-D'OR;Côte-d'Or;21;27
21510;Prusly-sur-Ource;4,6437137;47,8799126;21;1;2018/01/01 00:00:00.000;1;DEPARTEM_FXX_00000000022;COTE-D'OR;Côte-d'Or;21;27
21262;Faverolles-lès-Lucey;4,8660056;47,8274291;21;1;2018/01/01 00:00:00.000;1;DEPARTEM_FXX_00000000022;COTE-D'OR;Côte-d'Or;21;27
21444;Mosson;4,6288175;47,9208012;21;1;2018/01/01 00:00:00.000;1;DEPARTEM_FXX_00000000022;COTE-D'OR;Côte-d'Or;21;27
21346;Leuglay;4,8183326;47,8137061;21;1;2018/01/01 00:00:00.000;1;DEPARTEM_FXX_00000000022;COTE-D'OR;Côte-d'Or;21;27
21117;Busseaut;4,6527645;47,7386049;21;1;2018/01/01 00:00:00.000;1;DEPARTEM_FXX_00000000022;COTE-D'OR;Côte-d'Or;21;27
21716;Vougeot;4,9601334;47,173718;21;1;2018/01/01 00:00:00.000;1;DEPARTEM_FXX_00000000022;COTE-D'OR;Côte-d'Or;21;27
21149;Charrey-sur-Seine;4,5396467;47,9528291;21;1;2018/01/01 00:00:00.000;1;DEPARTEM_FXX_00000000022;COTE-D'OR;Côte-d'Or;21;27
21435;Montliot-et-Courcelles;4,5602129;47,89465;21;1;2018/01/01 00:00:00.000;1;DEPARTEM_FXX_00000000022;COTE-D'OR;Côte-d'Or;21;27
21438;Montmoyen;4,7938994;47,7301248;21;1;2018/01/01 00:00:00.000;1;DEPARTEM_FXX_00000000022;COTE-D'OR;Côte-d'Or;21;27
21129;Chambain;4,9187086;47,795136;21;1;2018/01/01 00:00:00.000;1;DEPARTEM_FXX_00000000022;COTE-D'OR;Côte-d'Or;21;27
21653;Vannaire;4,5698608;47,9155968;21;1;2018/01/01 00:00:00.000;1;DEPARTEM_FXX_00000000022;COTE-D'OR;Côte-d'Or;21;27
21706;Villotte-sur-Ource;4,6931197;47,8666475;21;1;2018/01/01 00:00:00.000;1;DEPARTEM_FXX_00000000022;COTE-D'OR;Côte-d'Or;21;27
21402;Menesble;4,9017021;47,7781305;21;1;2018/01/01 00:00:00.000;1;DEPARTEM_FXX_00000000022;COTE-D'OR;Côte-d'Or;21;27
21655;Vanvey;4,7263346;47,8418839;21;1;2018/01/01 00:00:00.000;1;DEPARTEM_FXX_00000000022;COTE-D'OR;Côte-d'Or;21;27
21432;Montigny-sur-Aube;4,755377;47,9540436;21;1;2018/01/01 00:00:00.000;1;DEPARTEM_FXX_00000000022;COTE-D'OR;Côte-d'Or;21;27
21052;Beaulieu;4,7336419;47,7254685;21;1;2018/01/01 00:00:00.000;1;DEPARTEM_FXX_00000000022;COTE-D'OR;Côte-d'Or;21;27
21250;Essarois;4,7948044;47,7577178;21;1;2018/01/01 00:00:00.000;1;DEPARTEM_FXX_00000000022;COTE-D'OR;Côte-d'Or;21;27
21350;Lignerolles;4,8876013;47,9024892;21;1;2018/01/01 00:00:00.000;1;DEPARTEM_FXX_00000000022;COTE-D'OR;Côte-d'Or;21;27
21459;Noiron-sur-Bèze;5,2989898;47,4393901;21;1;2018/01/01 00:00:00.000;1;DEPARTEM_FXX_00000000022;COTE-D'OR;Côte-d'Or;21;27
21361;Lux;5,2178359;47,4881041;21;1;2018/01/01 00:00:00.000;1;DEPARTEM_FXX_00000000022;COTE-D'OR;Côte-d'Or;21;27
21433;Montigny-Mornay-Villeneuve-sur-Vingeanne;5,4506129;47,5684887;21;1;2018/01/01 00:00:00.000;1;DEPARTEM_FXX_00000000022;COTE-D'OR;Côte-d'Or;21;27
21667;Véronnes;5,2389314;47,5355213;21;1;2018/01/01 00:00:00.000;1;DEPARTEM_FXX_00000000022;COTE-D'OR;Côte-d'Or;21;27
21614;Spoy;5,1869336;47,4455168;21;1;2018/01/01 00:00:00.000;1;DEPARTEM_FXX_00000000022;COTE-D'OR;Côte-d'Or;21;27
70100;Broye-les-Loups-et-Verfontaine;5,4295208;47,4703221;70;1;2018/01/01 00:00:00.000;1;DEPARTEM_FXX_00000000022;COTE-D'OR;Côte-d'Or;21;27
21167;Cheuge;5,380962;47,3899458;21;1;2018/01/01 00:00:00.000;1;DEPARTEM_FXX_00000000022;COTE-D'OR;Côte-d'Or;21;27
21281;Fontenelle;5,3628895;47,5032042;21;1;2018/01/01 00:00:00.000;1;DEPARTEM_FXX_00000000022;COTE-D'OR;Côte-d'Or;21;27
21702;Villey-sur-Tille;5,1093828;47,5677449;21;1;2018/01/01 00:00:00.000;1;DEPARTEM_FXX_00000000022;COTE-D'OR;Côte-d'Or;21;27
21391;Marsannay-le-Bois;5,0966474;47,4406236;21;1;2018/01/01 00:00:00.000;1;DEPARTEM_FXX_00000000022;COTE-D'OR;Côte-d'Or;21;27
52395;Poinson-lès-Grancey;4,9788252;47,7076468;52;1;2018/01/01 00:00:00.000;1;DEPARTEM_FXX_00000000022;COTE-D'OR;Côte-d'Or;21;27
21211;Crécey-sur-Tille;5,1415154;47,5700037;21;1;2018/01/01 00:00:00.000;1;DEPARTEM_FXX_00000000022;COTE-D'OR;Côte-d'Or;21;27
21383;Marcilly-sur-Tille;5,1292442;47,5121758;21;1;2018/01/01 00:00:00.000;1;DEPARTEM_FXX_00000000022;COTE-D'OR;Côte-d'Or;21;27
21039;Avelanges;5,0305401;47,5871895;21;1;2018/01/01 00:00:00.000;1;DEPARTEM_FXX_00000000022;COTE-D'OR;Côte-d'Or;21;27
21063;Beneuvre;4,9352693;47,6934625;21;1;2018/01/01 00:00:00.000;1;DEPARTEM_FXX_00000000022;COTE-D'OR;Côte-d'Or;21;27
21218;Curtil-Saint-Seine;4,9294998;47,4602714;21;1;2018/01/01 00:00:00.000;1;DEPARTEM_FXX_00000000022;COTE-D'OR;Côte-d'Or;21;27
21072;Bézouotte;5,3356559;47,3837309;21;1;2018/01/01 00:00:00.000;1;DEPARTEM_FXX_00000000022;COTE-D'OR;Côte-d'Or;21;27
21323;Jancigny;5,4223178;47,3839471;21;1;2018/01/01 00:00:00.000;1;DEPARTEM_FXX_00000000022;COTE-D'OR;Côte-d'Or;21;27
52425;Rivière-les-Fosses;5,2265812;47,6497799;52;1;2018/01/01 00:00:00.000;1;DEPARTEM_FXX_00000000022;COTE-D'OR;Côte-d'Or;21;27
21277;Fontaine-Française;5,3638217;47,5331491;21;1;2018/01/01 00:00:00.000;1;DEPARTEM_FXX_00000000022;COTE-D'OR;Côte-d'Or;21;27
21016;Arceau;5,1963368;47,376096;21;1;2018/01/01 00:00:00.000;1;DEPARTEM_FXX_00000000022;COTE-D'OR;Côte-d'Or;21;27
70406;Percey-le-Grand;5,3979829;47,6220148;70;1;2018/01/01 00:00:00.000;1;DEPARTEM_FXX_00000000022;COTE-D'OR;Côte-d'Or;21;27
21682;Viévigne;5,2401048;47,4359204;21;1;2018/01/01 00:00:00.000;1;DEPARTEM_FXX_00000000022;COTE-D'OR;Côte-d'Or;21;27
21096;Boussenois;5,2052303;47,6259211;21;1;2018/01/01 00:00:00.000;1;DEPARTEM_FXX_00000000022;COTE-D'OR;Côte-d'Or;21;27
21094;Bourberain;5,2925657;47,5088925;21;1;2018/01/01 00:00:00.000;1;DEPARTEM_FXX_00000000022;COTE-D'OR;Côte-d'Or;21;27
21163;Chazeuil;5,2855554;47,558356;21;1;2018/01/01 00:00:00.000;1;DEPARTEM_FXX_00000000022;COTE-D'OR;Côte-d'Or;21;27
21467;Oisilly;5,3612233;47,4167606;21;1;2018/01/01 00:00:00.000;1;DEPARTEM_FXX_00000000022;COTE-D'OR;Côte-d'Or;21;27
21536;Sacquenay;5,3211262;47,5841332;21;1;2018/01/01 00:00:00.000;1;DEPARTEM_FXX_00000000022;COTE-D'OR;Côte-d'Or;21;27
70305;Lœuilley;5,3994902;47,4656641;70;1;2018/01/01 00:00:00.000;1;DEPARTEM_FXX_00000000022;COTE-D'OR;Côte-d'Or;21;27
70220;Essertenne-et-Cecey;5,4677166;47,4015369;70;1;2018/01/01 00:00:00.000;1;DEPARTEM_FXX_00000000022;COTE-D'OR;Côte-d'Or;21;27
52405;Le Montsaugeonnais;5,2850916;47,6667351;52;1;2018/01/01 00:00:00.000;1;DEPARTEM_FXX_00000000022;COTE-D'OR;Côte-d'Or;21;27
21522;Renève;5,4071296;47,4111166;21;1;2018/01/01 00:00:00.000;1;DEPARTEM_FXX_00000000022;COTE-D'OR;Côte-d'Or;21;27
21158;Chaume-et-Courchamp;5,3609447;47,5803898;21;1;2018/01/01 00:00:00.000;1;DEPARTEM_FXX_00000000022;COTE-D'OR;Côte-d'Or;21;27
21562;Saint-Maurice-sur-Vingeanne;5,3982489;47,5791154;21;1;2018/01/01 00:00:00.000;1;DEPARTEM_FXX_00000000022;COTE-D'OR;Côte-d'Or;21;27
21503;Pouilly-sur-Vingeanne;5,4517601;47,5402447;21;1;2018/01/01 00:00:00.000;1;DEPARTEM_FXX_00000000022;COTE-D'OR;Côte-d'Or;21;27
70032;Attricourt;5,4108262;47,4877117;70;1;2018/01/01 00:00:00.000;1;DEPARTEM_FXX_00000000022;COTE-D'OR;Côte-d'Or;21;27
21619;Tanay;5,2778038;47,4135431;21;1;2018/01/01 00:00:00.000;1;DEPARTEM_FXX_00000000022;COTE-D'OR;Côte-d'Or;21;27
70225;Fahy-lès-Autrey;5,4781691;47,5114328;70;1;2018/01/01 00:00:00.000;1;DEPARTEM_FXX_00000000022;COTE-D'OR;Côte-d'Or;21;27
21472;Orville;5,2177414;47,5608873;21;1;2018/01/01 00:00:00.000;1;DEPARTEM_FXX_00000000022;COTE-D'OR;Côte-d'Or;21;27
21348;Licey-sur-Vingeanne;5,3734579;47,4868371;21;1;2018/01/01 00:00:00.000;1;DEPARTEM_FXX_00000000022;COTE-D'OR;Côte-d'Or;21;27
52189;Le Val-d'Esnoms;5,2160402;47,6901468;52;1;2018/01/01 00:00:00.000;1;DEPARTEM_FXX_00000000022;COTE-D'OR;Côte-d'Or;21;27
21369;Magny-Saint-Médard;5,2473937;47,381144;21;1;2018/01/01 00:00:00.000;1;DEPARTEM_FXX_00000000022;COTE-D'OR;Côte-d'Or;21;27
21135;Champagne-sur-Vingeanne;5,4070857;47,4403554;21;1;2018/01/01 00:00:00.000;1;DEPARTEM_FXX_00000000022;COTE-D'OR;Côte-d'Or;21;27
21208;Courtivron;4,9528741;47,5344156;21;1;2018/01/01 00:00:00.000;1;DEPARTEM_FXX_00000000022;COTE-D'OR;Côte-d'Or;21;27
21283;Fraignot-et-Vesvrotte;4,9373775;47,6497281;21;1;2018/01/01 00:00:00.000;1;DEPARTEM_FXX_00000000022;COTE-D'OR;Côte-d'Or;21;27
21245;Épagny;5,0494607;47,4524301;21;1;2018/01/01 00:00:00.000;1;DEPARTEM_FXX_00000000022;COTE-D'OR;Côte-d'Or;21;27
21286;Frénois;4,8908984;47,5213725;21;1;2018/01/01 00:00:00.000;1;DEPARTEM_FXX_00000000022;COTE-D'OR;Côte-d'Or;21;27
21620;Tarsul;4,9792261;47,5188634;21;1;2018/01/01 00:00:00.000;1;DEPARTEM_FXX_00000000022;COTE-D'OR;Côte-d'Or;21;27
21049;Barjon;4,9621562;47,6163117;21;1;2018/01/01 00:00:00.000;1;DEPARTEM_FXX_00000000022;COTE-D'OR;Côte-d'Or;21;27
21415;Minot;4,8715922;47,662502;21;1;2018/01/01 00:00:00.000;1;DEPARTEM_FXX_00000000022;COTE-D'OR;Côte-d'Or;21;27
21400;Le Meix;4,9423549;47,5941564;21;1;2018/01/01 00:00:00.000;1;DEPARTEM_FXX_00000000022;COTE-D'OR;Côte-d'Or;21;27
21220;Cussey-les-Forges;5,0837517;47,6371779;21;1;2018/01/01 00:00:00.000;1;DEPARTEM_FXX_00000000022;COTE-D'OR;Côte-d'Or;21;27
21304;Grancey-le-Château-Neuvelle;5,0244794;47,6736232;21;1;2018/01/01 00:00:00.000;1;DEPARTEM_FXX_00000000022;COTE-D'OR;Côte-d'Or;21;27
21111;Brognon;5,1679878;47,41046;21;1;2018/01/01 00:00:00.000;1;DEPARTEM_FXX_00000000022;COTE-D'OR;Côte-d'Or;21;27
21579;Salives;4,9004892;47,6048967;21;1;2018/01/01 00:00:00.000;1;DEPARTEM_FXX_00000000022;COTE-D'OR;Côte-d'Or;21;27
21591;Savigny-le-Sec;5,0424527;47,4337878;21;1;2018/01/01 00:00:00.000;1;DEPARTEM_FXX_00000000022;COTE-D'OR;Côte-d'Or;21;27
21421;Moloy;4,9221235;47,539323;21;1;2018/01/01 00:00:00.000;1;DEPARTEM_FXX_00000000022;COTE-D'OR;Côte-d'Or;21;27
21236;Ébaty;4,7803953;46,9296839;21;1;2018/01/01 00:00:00.000;1;DEPARTEM_FXX_00000000022;COTE-D'OR;Côte-d'Or;21;27
52092;Chalancey;5,1366357;47,6765029;52;1;2018/01/01 00:00:00.000;1;DEPARTEM_FXX_00000000022;COTE-D'OR;Côte-d'Or;21;27
21255;Étaules;4,9511481;47,4105613;21;1;2018/01/01 00:00:00.000;1;DEPARTEM_FXX_00000000022;COTE-D'OR;Côte-d'Or;21;27
21027;Asnières-lès-Dijon;5,045358;47,386464;21;1;2018/01/01 00:00:00.000;1;DEPARTEM_FXX_00000000022;COTE-D'OR;Côte-d'Or;21;27
21483;Pichanges;5,1579469;47,4560308;21;1;2018/01/01 00:00:00.000;1;DEPARTEM_FXX_00000000022;COTE-D'OR;Côte-d'Or;21;27
21119;Bussières;4,9611191;47,6601052;21;1;2018/01/01 00:00:00.000;1;DEPARTEM_FXX_00000000022;COTE-D'OR;Côte-d'Or;21;27
21207;Courlon;5,0078212;47,6453977;21;1;2018/01/01 00:00:00.000;1;DEPARTEM_FXX_00000000022;COTE-D'OR;Côte-d'Or;21;27
21462;Norges-la-Ville;5,0697165;47,4068047;21;1;2018/01/01 00:00:00.000;1;DEPARTEM_FXX_00000000022;COTE-D'OR;Côte-d'Or;21;27
21275;Foncegrive;5,143106;47,6172936;21;1;2018/01/01 00:00:00.000;1;DEPARTEM_FXX_00000000022;COTE-D'OR;Côte-d'Or;21;27
52519;Vesvres-sous-Chalancey;5,1709997;47,695837;52;1;2018/01/01 00:00:00.000;1;DEPARTEM_FXX_00000000022;COTE-D'OR;Côte-d'Or;21;27
21587;Saulx-le-Duc;5,0219369;47,5504758;21;1;2018/01/01 00:00:00.000;1;DEPARTEM_FXX_00000000022;COTE-D'OR;Côte-d'Or;21;27
21034;Autricourt;4,6217353;47,9937641;21;1;2018/01/01 00:00:00.000;1;DEPARTEM_FXX_00000000022;COTE-D'OR;Côte-d'Or;21;27
21665;Vernois-lès-Vesvres;5,150622;47,6527639;21;1;2018/01/01 00:00:00.000;1;DEPARTEM_FXX_00000000022;COTE-D'OR;Côte-d'Or;21;27
21230;Diénay;5,0597696;47,5215955;21;1;2018/01/01 00:00:00.000;1;DEPARTEM_FXX_00000000022;COTE-D'OR;Côte-d'Or;21;27
21179;Clénay;5,1146759;47,4136329;21;1;2018/01/01 00:00:00.000;1;DEPARTEM_FXX_00000000022;COTE-D'OR;Côte-d'Or;21;27
21118;Busserotte-et-Montenaille;4,9799675;47,662976;21;1;2018/01/01 00:00:00.000;1;DEPARTEM_FXX_00000000022;COTE-D'OR;Côte-d'Or;21;27
21491;Poiseul-lès-Saulx;4,9820003;47,5779305;21;1;2018/01/01 00:00:00.000;1;DEPARTEM_FXX_00000000022;COTE-D'OR;Côte-d'Or;21;27
21266;Flacey;5,1354868;47,4342583;21;1;2018/01/01 00:00:00.000;1;DEPARTEM_FXX_00000000022;COTE-D'OR;Côte-d'Or;21;27
21419;Molesme;4,3823732;47,9468884;21;1;2018/01/01 00:00:00.000;1;DEPARTEM_FXX_00000000022;COTE-D'OR;Côte-d'Or;21;27
52274;Latrecey-Ormoy-sur-Aube;4,8428013;47,9861612;52;1;2018/01/01 00:00:00.000;1;DEPARTEM_FXX_00000000022;COTE-D'OR;Côte-d'Or;21;27
21524;Riel-les-Eaux;4,6804133;47,9889358;21;1;2018/01/01 00:00:00.000;1;DEPARTEM_FXX_00000000022;COTE-D'OR;Côte-d'Or;21;27
10119;Cunfin;4,6698669;48,044553;10;1;2018/01/01 00:00:00.000;1;DEPARTEM_FXX_00000000022;COTE-D'OR;Côte-d'Or;21;27
52272;Lanty-sur-Aube;4,7487336;48,0237874;52;1;2018/01/01 00:00:00.000;1;DEPARTEM_FXX_00000000022;COTE-D'OR;Côte-d'Or;21;27
10141;Essoyes;4,5399407;48,0493963;10;1;2018/01/01 00:00:00.000;1;DEPARTEM_FXX_00000000022;COTE-D'OR;Côte-d'Or;21;27
10404;Verpillières-sur-Ource;4,5858677;48,04042;10;1;2018/01/01 00:00:00.000;1;DEPARTEM_FXX_00000000022;COTE-D'OR;Côte-d'Or;21;27
21296;Gevrolles;4,7505856;47,9895616;21;1;2018/01/01 00:00:00.000;1;DEPARTEM_FXX_00000000022;COTE-D'OR;Côte-d'Or;21;27
21460;Noiron-sur-Seine;4,4693871;47,9389223;21;1;2018/01/01 00:00:00.000;1;DEPARTEM_FXX_00000000022;COTE-D'OR;Côte-d'Or;21;27
21389;Marmagne;4,3825598;47,6398736;21;1;2018/01/01 00:00:00.000;1;DEPARTEM_FXX_00000000022;COTE-D'OR;Côte-d'Or;21;27
21044;Balot;4,4433013;47,8200299;21;1;2018/01/01 00:00:00.000;1;DEPARTEM_FXX_00000000022;COTE-D'OR;Côte-d'Or;21;27
21484;Planay;4,3751491;47,7371149;21;1;2018/01/01 00:00:00.000;1;DEPARTEM_FXX_00000000022;COTE-D'OR;Côte-d'Or;21;27
21332;Labergement-lès-Seurre;5,0880962;46,9960032;21;1;2018/01/01 00:00:00.000;1;DEPARTEM_FXX_00000000022;COTE-D'OR;Côte-d'Or;21;27
21451;Nesle-et-Massoult;4,4266983;47,7780073;21;1;2018/01/01 00:00:00.000;1;DEPARTEM_FXX_00000000022;COTE-D'OR;Côte-d'Or;21;27
21378;Marcenay;4,4046446;47,861387;21;1;2018/01/01 00:00:00.000;1;DEPARTEM_FXX_00000000022;COTE-D'OR;Côte-d'Or;21;27
21279;Fontaines-les-Sèches;4,3598097;47,7848547;21;1;2018/01/01 00:00:00.000;1;DEPARTEM_FXX_00000000022;COTE-D'OR;Côte-d'Or;21;27
21078;Bissey-la-Pierre;4,4262077;47,8431005;21;1;2018/01/01 00:00:00.000;1;DEPARTEM_FXX_00000000022;COTE-D'OR;Côte-d'Or;21;27
10261;Mussy-sur-Seine;4,5068174;47,9846951;10;1;2018/01/01 00:00:00.000;1;DEPARTEM_FXX_00000000022;COTE-D'OR;Côte-d'Or;21;27
21093;Bouix;4,4688385;47,8992664;21;1;2018/01/01 00:00:00.000;1;DEPARTEM_FXX_00000000022;COTE-D'OR;Côte-d'Or;21;27
21302;Gomméville;4,4845224;47,9570897;21;1;2018/01/01 00:00:00.000;1;DEPARTEM_FXX_00000000022;COTE-D'OR;Côte-d'Or;21;27
21511;Puits;4,4676331;47,7270719;21;1;2018/01/01 00:00:00.000;1;DEPARTEM_FXX_00000000022;COTE-D'OR;Côte-d'Or;21;27
21012;Ampilly-le-Sec;4,5032757;47,8101484;21;1;2018/01/01 00:00:00.000;1;DEPARTEM_FXX_00000000022;COTE-D'OR;Côte-d'Or;21;27
21084;Source-Seine;4,6967607;47,4888039;21;1;2018/01/01 00:00:00.000;1;DEPARTEM_FXX_00000000022;COTE-D'OR;Côte-d'Or;21;27
21201;Coulmier-le-Sec;4,4956766;47,7554122;21;1;2018/01/01 00:00:00.000;1;DEPARTEM_FXX_00000000022;COTE-D'OR;Côte-d'Or;21;27
21641;Touillon;4,4369185;47,6590133;21;1;2018/01/01 00:00:00.000;1;DEPARTEM_FXX_00000000022;COTE-D'OR;Côte-d'Or;21;27
21425;Montbard;4,3499279;47,6574401;21;1;2018/01/01 00:00:00.000;1;DEPARTEM_FXX_00000000022;COTE-D'OR;Côte-d'Or;21;27
21594;Savoisy;4,4005396;47,7360703;21;1;2018/01/01 00:00:00.000;1;DEPARTEM_FXX_00000000022;COTE-D'OR;Côte-d'Or;21;27
21125;Cérilly;4,4895639;47,8560475;21;1;2018/01/01 00:00:00.000;1;DEPARTEM_FXX_00000000022;COTE-D'OR;Côte-d'Or;21;27
21544;Sainte-Colombe-en-Auxois;4,4612375;47,4271417;21;1;2018/01/01 00:00:00.000;1;DEPARTEM_FXX_00000000022;COTE-D'OR;Côte-d'Or;21;27
70122;Champlitte;5,5133029;47,6322605;70;1;2018/01/01 00:00:00.000;1;DEPARTEM_FXX_00000000022;COTE-D'OR;Côte-d'Or;21;27
21108;Brianny;4,3742371;47,4121526;21;1;2018/01/01 00:00:00.000;1;DEPARTEM_FXX_00000000022;COTE-D'OR;Côte-d'Or;21;27
21598;Seigny;4,4393667;47,576961;21;1;2018/01/01 00:00:00.000;1;DEPARTEM_FXX_00000000022;COTE-D'OR;Côte-d'Or;21;27
21008;Alise-Sainte-Reine;4,4881981;47,5355837;21;1;2018/01/01 00:00:00.000;1;DEPARTEM_FXX_00000000022;COTE-D'OR;Côte-d'Or;21;27
21341;Lantilly;4,3780625;47,5421726;21;1;2018/01/01 00:00:00.000;1;DEPARTEM_FXX_00000000022;COTE-D'OR;Côte-d'Or;21;27
21308;Grignon;4,4060438;47,5583716;21;1;2018/01/01 00:00:00.000;1;DEPARTEM_FXX_00000000022;COTE-D'OR;Côte-d'Or;21;27
21394;Massingy-lès-Semur;4,4054417;47,5167657;21;1;2018/01/01 00:00:00.000;1;DEPARTEM_FXX_00000000022;COTE-D'OR;Côte-d'Or;21;27
21380;Marcigny-sous-Thil;4,3836109;47,3910844;21;1;2018/01/01 00:00:00.000;1;DEPARTEM_FXX_00000000022;COTE-D'OR;Côte-d'Or;21;27
21386;Marigny-le-Cahouët;4,4535619;47,4555033;21;1;2018/01/01 00:00:00.000;1;DEPARTEM_FXX_00000000022;COTE-D'OR;Côte-d'Or;21;27
21689;Villars-et-Villenotte;4,3788897;47,5086908;21;1;2018/01/01 00:00:00.000;1;DEPARTEM_FXX_00000000022;COTE-D'OR;Côte-d'Or;21;27
21204;Courcelles-lès-Montbard;4,3917481;47,5919412;21;1;2018/01/01 00:00:00.000;1;DEPARTEM_FXX_00000000022;COTE-D'OR;Côte-d'Or;21;27
21500;Pouillenay;4,460639;47,5032972;21;1;2018/01/01 00:00:00.000;1;DEPARTEM_FXX_00000000022;COTE-D'OR;Côte-d'Or;21;27
21404;Ménétreux-le-Pitois;4,4606015;47,5596159;21;1;2018/01/01 00:00:00.000;1;DEPARTEM_FXX_00000000022;COTE-D'OR;Côte-d'Or;21;27
21529;Roilly;4,3408943;47,4172544;21;1;2018/01/01 00:00:00.000;1;DEPARTEM_FXX_00000000022;COTE-D'OR;Côte-d'Or;21;27
21248;Éringes;4,4675325;47,5885393;21;1;2018/01/01 00:00:00.000;1;DEPARTEM_FXX_00000000022;COTE-D'OR;Côte-d'Or;21;27
21284;Francheville;4,8792758;47,4590823;21;1;2018/01/01 00:00:00.000;1;DEPARTEM_FXX_00000000022;COTE-D'OR;Côte-d'Or;21;27
21431;Montigny-sur-Armançon;4,3735545;47,439761;21;1;2018/01/01 00:00:00.000;1;DEPARTEM_FXX_00000000022;COTE-D'OR;Côte-d'Or;21;27
21429;Montigny-Montfort;4,3392561;47,583224;21;1;2018/01/01 00:00:00.000;1;DEPARTEM_FXX_00000000022;COTE-D'OR;Côte-d'Or;21;27
21497;Pont-et-Massène;4,3580289;47,4690339;21;1;2018/01/01 00:00:00.000;1;DEPARTEM_FXX_00000000022;COTE-D'OR;Côte-d'Or;21;27
21456;Nogent-lès-Montbard;4,3691461;47,6041877;21;1;2018/01/01 00:00:00.000;1;DEPARTEM_FXX_00000000022;COTE-D'OR;Côte-d'Or;21;27
21365;Magny-la-Ville;4,4295012;47,4798683;21;1;2018/01/01 00:00:00.000;1;DEPARTEM_FXX_00000000022;COTE-D'OR;Côte-d'Or;21;27
21259;Fain-lès-Montbard;4,4039255;47,617039;21;1;2018/01/01 00:00:00.000;1;DEPARTEM_FXX_00000000022;COTE-D'OR;Côte-d'Or;21;27
21696;Villeneuve-sous-Charigny;4,3996246;47,4361456;21;1;2018/01/01 00:00:00.000;1;DEPARTEM_FXX_00000000022;COTE-D'OR;Côte-d'Or;21;27
21151;Chassey;4,4437886;47,4739661;21;1;2018/01/01 00:00:00.000;1;DEPARTEM_FXX_00000000022;COTE-D'OR;Côte-d'Or;21;27
21101;Braux;4,4185543;47,4103594;21;1;2018/01/01 00:00:00.000;1;DEPARTEM_FXX_00000000022;COTE-D'OR;Côte-d'Or;21;27
21329;Juilly;4,400977;47,4901464;21;1;2018/01/01 00:00:00.000;1;DEPARTEM_FXX_00000000022;COTE-D'OR;Côte-d'Or;21;27
21547;Saint-Euphrône;4,3914498;47,466412;21;1;2018/01/01 00:00:00.000;1;DEPARTEM_FXX_00000000022;COTE-D'OR;Côte-d'Or;21;27
21417;Missery;4,3747559;47,311785;21;1;2018/01/01 00:00:00.000;1;DEPARTEM_FXX_00000000022;COTE-D'OR;Côte-d'Or;21;27
70523;Vars;5,5199525;47,5374543;70;1;2018/01/01 00:00:00.000;1;DEPARTEM_FXX_00000000022;COTE-D'OR;Côte-d'Or;21;27
70024;Apremont;5,5296343;47,3925731;70;1;2018/01/01 00:00:00.000;1;DEPARTEM_FXX_00000000022;COTE-D'OR;Côte-d'Or;21;27
70265;Germigney;5,5339176;47,3701761;70;1;2018/01/01 00:00:00.000;1;DEPARTEM_FXX_00000000022;COTE-D'OR;Côte-d'Or;21;27
21338;Lamargelle;4,8372843;47,5203151;21;1;2018/01/01 00:00:00.000;1;DEPARTEM_FXX_00000000022;COTE-D'OR;Côte-d'Or;21;27
21148;Charrey-sur-Saône;5,1540427;47,0991079;21;1;2018/01/01 00:00:00.000;1;DEPARTEM_FXX_00000000022;COTE-D'OR;Côte-d'Or;21;27
21225;Dampierre-et-Flée;5,3539371;47,4798512;21;1;2018/01/01 00:00:00.000;1;DEPARTEM_FXX_00000000022;COTE-D'OR;Côte-d'Or;21;27
21325;Jouey;4,4376302;47,1582919;21;1;2018/01/01 00:00:00.000;1;DEPARTEM_FXX_00000000022;COTE-D'OR;Côte-d'Or;21;27
21246;Épernay-sous-Gevrey;5,0373666;47,1744001;21;1;2018/01/01 00:00:00.000;1;DEPARTEM_FXX_00000000022;COTE-D'OR;Côte-d'Or;21;27
21550;Saint-Germain-lès-Senailly;4,2811545;47,5979082;21;1;2018/01/01 00:00:00.000;1;DEPARTEM_FXX_00000000022;COTE-D'OR;Côte-d'Or;21;27
21127;Chaignay;5,0593372;47,4764182;21;1;2018/01/01 00:00:00.000;1;DEPARTEM_FXX_00000000022;COTE-D'OR;Côte-d'Or;21;27
21597;Segrois;4,8937245;47,1608398;21;1;2018/01/01 00:00:00.000;1;DEPARTEM_FXX_00000000022;COTE-D'OR;Côte-d'Or;21;27
21638;Til-Châtel;5,1794878;47,519134;21;1;2018/01/01 00:00:00.000;1;DEPARTEM_FXX_00000000022;COTE-D'OR;Côte-d'Or;21;27
21030;Aubaine;4,7337584;47,1302836;21;1;2018/01/01 00:00:00.000;1;DEPARTEM_FXX_00000000022;COTE-D'OR;Côte-d'Or;21;27
21533;Rouvres-sous-Meilly;4,5903893;47,2060665;21;1;2018/01/01 00:00:00.000;1;DEPARTEM_FXX_00000000022;COTE-D'OR;Côte-d'Or;21;27
21692;Villecomte;5,0188555;47,4994989;21;1;2018/01/01 00:00:00.000;1;DEPARTEM_FXX_00000000022;COTE-D'OR;Côte-d'Or;21;27
21242;Échigey;5,2001535;47,1781003;21;1;2018/01/01 00:00:00.000;1;DEPARTEM_FXX_00000000022;COTE-D'OR;Côte-d'Or;21;27
21303;Les Goulles;4,9057686;47,8782199;21;1;2018/01/01 00:00:00.000;1;DEPARTEM_FXX_00000000022;COTE-D'OR;Côte-d'Or;21;27
21545;Sainte-Colombe-sur-Seine;4,5283392;47,8605749;21;1;2018/01/01 00:00:00.000;1;DEPARTEM_FXX_00000000022;COTE-D'OR;Côte-d'Or;21;27
21448;Mussy-la-Fosse;4,4446131;47,5215598;21;1;2018/01/01 00:00:00.000;1;DEPARTEM_FXX_00000000022;COTE-D'OR;Côte-d'Or;21;27
21041;Avot;5,0072353;47,6167344;21;1;2018/01/01 00:00:00.000;1;DEPARTEM_FXX_00000000022;COTE-D'OR;Côte-d'Or;21;27
21589;Saussy;4,9807317;47,4619679;21;1;2018/01/01 00:00:00.000;1;DEPARTEM_FXX_00000000022;COTE-D'OR;Côte-d'Or;21;27
21663;Venarey-les-Laumes;4,4401746;47,5376927;21;1;2018/01/01 00:00:00.000;1;DEPARTEM_FXX_00000000022;COTE-D'OR;Côte-d'Or;21;27
52158;Cusey;5,3528218;47,6252327;52;1;2018/01/01 00:00:00.000;1;DEPARTEM_FXX_00000000022;COTE-D'OR;Côte-d'Or;21;27
21272;Le Val-Larrey;4,3200161;47,4330672;21;1;2020/05/01 00:00:00.000;1;DEPARTEM_FXX_00000000022;COTE-D'OR;Côte-d'Or;21;27
