numero_natinf;libelle_natinf;domaine_snc;theme_snc;action_snc
26512;ABANDON DE DEJECTION HORS DES EMPLACEMENTS AUTORISES;Hors domaine;Hors thème;[2025] Activités humaines réglementées dans les espaces ordinaires (déchets dans le milieu naturel au titre du code pénal)
25948;ABANDON, DEPOT, JET OU DEVERSEMENT IRREGULIER D'OBJET OU DECHET DANS UNE RESERVE NATURELLE;Hors domaine;Hors thème;[2025] Autres espaces protégés (RCFS, RNCFS, etc.)
25899;ABANDON, DEPOT, JET OU DEVERSEMENT NON AUTORISE D'OBJET OU DECHET AU COEUR D'UN PARC NATIONAL;Espaces protégés et protection des milieux et du cadre de vie;Contrôles aires protégées (SNC 5.1);Parcs nationaux (SNC 5.1)
26302;ABSENCE DE MARQUAGE DE GIBIER MORT NON SOUMIS AU PLAN DE CHASSE PREALABLEMENT A SON TRANSPORT PAR ADHERENT D'UNE FEDERATION DE CHASSE;Assurer la protection des espèces animales et végétales;Chasse;Actions contrôles chasse hors priorités SNC
27742;AGRAINAGE OU AFFOURAGEMENT EN INFRACTION AUX PRESCRIPTIONS DU SCHEMA DEPARTEMENTAL DE GESTION CYNEGETIQUE;Assurer la protection des espèces animales et végétales;Chasse;Actions contrôles chasse hors priorités SNC
7930;ALLUMAGE DE FEU INTERDIT A MOINS DE 200 METRES D'UNE FORET OU D'UN BOIS;Inactif-Protection des habitats et patrimoine naturel;Inactif-Forêt;Inactif-Protection des milieux forestiers (dont lutte contre les incendies)
7927;APPORT OU USAGE INTERDIT D'APPAREIL OU MATERIEL POUVANT ETRE A L'ORIGINE D'UN DEPART DE FEU DANS UN PERIMETRE EXPOSE A UN RISQUE EXCEPTIONNEL D'INCENDIE DE FORET;Espaces protégés et protection des milieux et du cadre de vie;Contrôles espaces protégés et protection des milieux et du cadre de vie (hors SNC);Protection des milieux forestiers (dont lutte contre les incendies)
34824;APPOSITION D'UNE ENSEIGNE LUMINEUSE SANS RESPECTER L'OBLIGATION D'EXTINCTION NOCTURNE;Espaces protégés et protection des milieux et du cadre de vie;Contrôles espaces protégés et protection des milieux et du cadre de vie (hors SNC);Réglementation publicité, enseignes et préenseignes
29946;APPOSITION D'UNE PUBLICITE OU PREENSEIGNE LUMINEUSE SANS RESPECTER L'OBLIGATION D'EXTINCTION NOCTURNE;Espaces protégés et protection des milieux et du cadre de vie;Contrôles espaces protégés et protection des milieux et du cadre de vie (hors SNC);Réglementation publicité, enseignes et préenseignes
29927;APPOSITION D'UNE PUBLICITE OU PREENSEIGNE SUR DES PLANTATIONS;Espaces protégés et protection des milieux et du cadre de vie;Contrôles espaces protégés et protection des milieux et du cadre de vie (hors SNC);Réglementation publicité, enseignes et préenseignes
10222;ATTEINTE IRREGULIERE A UN ANIMAL NON DOMESTIQUE D'UNE RESERVE NATURELLE;Assurer la protection des espèces animales et végétales;Espèces protégées;Contrôles liés à la détention et commerce illégaux d'espèces protégées ou réglementées CITES (SNC 4.3)
10212;ATTEINTE IRREGULIERE AUX MINERAUX OU AUX FOSSILES D'UNE RESERVE NATURELLE;Espaces protégés et protection des milieux et du cadre de vie;Contrôles aires protégées (SNC 5.1);Réglementation réserves naturelles (SNC 5.1)
10211;ATTEINTE IRREGULIERE AUX VEGETAUX NON CULTIVES D'UNE RESERVE NATURELLE;Espaces protégés et protection des milieux et du cadre de vie;Contrôles aires protégées (SNC 5.1);Réglementation réserves naturelles (SNC 5.1)
25909;ATTEINTE NON AUTORISEE AUX ANIMAUX NON DOMESTIQUES AU COEUR D'UN PARC NATIONAL;Espaces protégés et protection des milieux et du cadre de vie;Contrôles aires protégées (SNC 5.1);Parcs nationaux (SNC 5.1)
25912;ATTEINTE NON AUTORISEE AUX MINERAUX OU FOSSILES AU COEUR D'UN PARC NATIONAL;Espaces protégés et protection des milieux et du cadre de vie;Contrôles aires protégées (SNC 5.1);Parcs nationaux (SNC 5.1)
25910;ATTEINTE NON AUTORISEE AUX VEGETAUX NON CULTIVES AU COEUR D'UN PARC NATIONAL;Espaces protégés et protection des milieux et du cadre de vie;Contrôles aires protégées (SNC 5.1);Parcs nationaux (SNC 5.1)
26268;BROYAGE, FAUCHAGE DE LA JACHERE DE TERRAIN AGRICOLE MALGRE UN ARRETE DE REPORT DE DATE - PROTECTION DU GIBIER;Assurer la protection des espèces animales et végétales;Espèces protégées;Autres actions relevant de la protection des espèces animales et végétales (hors SNC et hors chasse)
6564;CAMPING, BIVOUAC OU CARAVANING NON AUTORISE AU COEUR D'UN PARC NATIONAL;Espaces protégés et protection des milieux et du cadre de vie;Contrôles aires protégées (SNC 5.1);Parcs nationaux (SNC 5.1)
25971;CAMPING, BIVOUAC OU CARAVANING NON AUTORISE DANS UNE RESERVE NATURELLE;Espaces protégés et protection des milieux et du cadre de vie;Contrôles aires protégées (SNC 5.1);Réglementation réserves naturelles (SNC 5.1)
26300;CAPTURE D'UN ANIMAL SANS MISE A JOUR CONFORME DU CARNET OU DE L'APPLICATION MOBILE DE PRELEVEMENT - CHASSE;Assurer la protection des espèces animales et végétales;Chasse;Contrôle du respect des quotas collectifs et des obligations de déclaration de prélèvement de certaines espèces (SNC 4.5)
26298;CAPTURE D'UN NOMBRE D'ANIMAUX SUPERIEUR AU PRELEVEMENT MAXIMAL AUTORISE;Inactif-Police de la chasse;Inactif-Police de la chasse et lutte contre le braconnage des espèces chassables;Inactif-Respect des quotas collectifs et des procédures de déclaration et de collecte liées aux prélèvements des espèces chassables soumises à quota, à PMA, à gestion adaptative (action 3.5 SNC)
33618;CAPTURE D'UN SPECIMEN D'UNE ESPECE SOUMISE A GESTION ADAPTATIVE SANS ENREGISTREMENT CONFORME DANS LE CARNET OU L'APPLICATION MOBILE DE PRELEVEMENT - CHASSE;Assurer la protection des espèces animales et végétales;Chasse;Contrôle du respect des quotas collectifs et des obligations de déclaration de prélèvement de certaines espèces (SNC 4.5)
26277;CHASSE DE GIBIER D'EAU A PARTIR DE POSTE FIXE SANS TENUE A JOUR D'UN CARNET DE PRELEVEMENT;Assurer la protection des espèces animales et végétales;Chasse;Contrôle du respect des quotas collectifs et des obligations de déclaration de prélèvement de certaines espèces (SNC 4.5)
26301;CHASSE EN INFRACTION AVEC LES MODALITES DU PLAN DE GESTION CYNEGETIQUE;Assurer la protection des espèces animales et végétales;Chasse;Actions contrôles chasse hors priorités SNC
2191;CHASSE NON AUTORISEE AVEC APPEAU, APPELANT OU CHANTERELLE;Assurer la protection des espèces animales et végétales;Chasse;Actions contrôles chasse hors priorités SNC
2002;CHASSE SANS ETRE PORTEUR DU PERMIS OU DE L'AUTORISATION DE CHASSER ACCOMPAGNE DU DOCUMENT DE VALIDATION ET DE L'ATTESTATION D'ASSURANCE;Assurer la protection des espèces animales et végétales;Chasse;Sécurité à la chasse (SNC 4.5)
26304;CHASSE SANS VERSEMENT PREALABLE DE LA CONTRIBUTION PERSONNELLE UNIQUE POUR L'INDEMNISATION DES DEGATS CAUSES PAR LES SANGLIERS - BAS-RHIN, HAUT-RHIN, MOSELLE;Assurer la protection des espèces animales et végétales;Chasse;Actions contrôles chasse hors priorités SNC
11954;CIRCULATION D'ANIMAL DE CHARGE OU DE MONTURE SUR UNE ROUTE DE FORET INTERDITE A LA CIRCULATION;Espaces protégés et protection des milieux et du cadre de vie;Contrôles espaces protégés et protection des milieux et du cadre de vie (hors SNC);Protection des milieux forestiers (dont lutte contre les incendies)
7923;CIRCULATION DANS UN PERIMETRE INTERDIT - RISQUE EXCEPTIONNEL D'INCENDIE DE FORET;Espaces protégés et protection des milieux et du cadre de vie;Contrôles espaces protégés et protection des milieux et du cadre de vie (hors SNC);Protection des milieux forestiers (dont lutte contre les incendies)
11946;CIRCULATION DE VEHICULE SUR UNE ROUTE DE FORET INTERDITE A LA CIRCULATION;Espaces protégés et protection des milieux et du cadre de vie;Contrôles espaces protégés et protection des milieux et du cadre de vie (hors SNC);Contrôles espaces protégés et protection des milieux et cadre de vie (hors SNC)
10206;CIRCULATION IRREGULIERE D'ANIMAL DANS UNE RESERVE NATURELLE;Espaces protégés et protection des milieux et du cadre de vie;Contrôles aires protégées (SNC 5.1);Réglementation réserves naturelles (SNC 5.1)
25901;CIRCULATION IRREGULIERE DE PERSONNE AU COEUR D'UN PARC NATIONAL;Espaces protégés et protection des milieux et du cadre de vie;Contrôles aires protégées (SNC 5.1);Parcs nationaux (SNC 5.1)
10203;CIRCULATION IRREGULIERE DE PERSONNE DANS UNE RESERVE NATURELLE;Espaces protégés et protection des milieux et du cadre de vie;Contrôles aires protégées (SNC 5.1);Réglementation réserves naturelles (SNC 5.1)
25950;CIRCULATION IRREGULIERE DE VEHICULE AUTRE QUE TERRESTRE A MOTEUR DANS UNE RESERVE NATURELLE;Inactif-Protection des habitats et patrimoine naturel;Inactif-Espaces protégés et sensibles;Inactif-Réglementation réserves naturelles - usages ayant un fort impact sur l'objectif de protection (action 3.3 de la SNC)
30396;CIRCULATION SANS AUTORISATION DE VEHICULE SUR UNE DIGUE;Espaces protégés et protection des milieux et du cadre de vie;Contrôles espaces protégés et protection des milieux et du cadre de vie (hors SNC);Contrôles espaces protégés et protection des milieux et cadre de vie (hors SNC)
10038;CIRCULATION, DIVAGATION NON AUTORISEE D'ANIMAUX AU COEUR D'UN PARC NATIONAL;Espaces protégés et protection des milieux et du cadre de vie;Contrôles aires protégées (SNC 5.1);Parcs nationaux (SNC 5.1)
98;DEPOT D'OBJET OU D'ORDURE TRANSPORTE A L'AIDE D'UN VEHICULE DANS UN LIEU NON AUTORISE;Hors domaine;Hors thème;[2025] Activités humaines réglementées dans les espaces ordinaires (déchets dans le milieu naturel au titre du code pénal)
26511;DEPOT D'ORDURES, DE DECHETS, DE MATERIAUX OU D'OBJET EN VUE DE LEUR ENLEVEMENT PAR LE SERVICE DE COLLECTE SANS RESPECTER LES CONDITIONS FIXEES PAR L'AUTORITE ADMINISTRATIVE;Inactif-Protection des habitats et patrimoine naturel;Inactif-Autre (protection des habitats et patrimoine naturel);Inactif-Autre (protection des habitats et patrimoine naturel)
7916;DEPOT OU ABANDON D'ORDURES OU DE DECHETS DANS UN BOIS OU UNE FORET;Hors domaine;Hors thème;[2025] Activités humaines réglementées dans les espaces ordinaires (déchets dans le milieu naturel au titre du code pénal)
29646;DEPOT OU ABANDON D'ORDURES OU DE DECHETS TRANSPORTES A L'AIDE D'UN VEHICULE DANS UN BOIS OU UNE FORET;Hors domaine;Hors thème;[2025] Activités humaines réglementées dans les espaces ordinaires (déchets dans le milieu naturel au titre du code pénal)
1086;DEPOT OU ABANDON D'ORDURES, DE DECHETS, DE MATERIAUX OU D'OBJET HORS DES EMPLACEMENTS AUTORISES;Hors domaine;Hors thème;[2025] Activités humaines réglementées dans les espaces ordinaires (déchets dans le milieu naturel au titre du code pénal)
26513;DEVERSEMENT DE LIQUIDE INSALUBRE HORS DES EMPLACEMENTS AUTORISES;Gestion qualitative de la ressource en eau;Autres actions liées à la gestion qualitative;Autres actions liées à la gestion qualitative (Hors SNC)
3487;DIVAGATION DE CHIEN SUSCEPTIBLE D'ENTRAINER LA DESTRUCTION D'OISEAU OU DE GIBIER;Inactif-Police de la chasse;Inactif-Police de la chasse et lutte contre le braconnage des espèces chassables;Inactif-Autres actions de police de la chasse hors SNC
13313;EMISSION DE BRUIT PORTANT ATTEINTE A LA TRANQUILLITE DU VOISINAGE OU A LA SANTE DE L'HOMME;Hors domaine;Hors thème;
21322;EPANDAGE IRREGULIER D'EFFLUENT AGRICOLE;Inactif-Qualité de l'eau;Inactif-Lutte contre les pollutions par les nitrates;Inactif-Exploitations en zones vulnérables autres (hors SNC)
23571;EXERCICE D'ACTIVITE NON CONFORME A UN ARRETE D'AMENAGEMENT DE BOIS OU FORET RELEVANT DU REGIME FORESTIER;Espaces protégés et protection des milieux et du cadre de vie;Contrôles espaces protégés et protection des milieux et du cadre de vie (hors SNC);Protection des milieux forestiers (dont lutte contre les incendies)
26143;EXTRACTION OU ENLEVEMENT DE PIERRES, SABLE OU MINERAI DE BOIS OU FORET SANS AUTORISATION DU PROPRIETAIRE DU TERRAIN - VOLUME PRELEVE N'EXCEDANT PAS 2 METRES CUBES;Espaces protégés et protection des milieux et du cadre de vie;Contrôles espaces protégés et protection des milieux et du cadre de vie (hors SNC);Protection des milieux forestiers (dont lutte contre les incendies)
26145;EXTRACTION OU ENLEVEMENT DE TERRE, GAZON, MOUSSES, TOURBE OU VEGETAUX DE BOIS OU FORET SANS AUTORISATION DU PROPRIETAIRE DU TERRAIN - VOLUME PRELEVE N'EXCEDANT PAS 2 METRES CUBES;Inactif-Protection des habitats et patrimoine naturel;Inactif-Forêt;Inactif-Protection des milieux forestiers (dont lutte contre les incendies)
7928;INCINERATION INTERDITE DE VEGETAUX SUR PIED A MOINS DE 200 METRES D'UNE FORET OU D'UN BOIS;Assurer la protection des espèces animales et végétales;Espèces protégées;Espèces protégées : destructions ou perturbations d'espèces protégées, altération, dégradation et destruction d'habitat (SNC 4.3)
27738;INFRACTION A DES DISPOSITIONS REGLEMENTAIRES PRISES POUR FAVORISER LA PROTECTION DU GIBIER ET LE REPEUPLEMENT AU SEIN DES RESERVES DE CHASSE ET DE FAUNES SAUVAGES;Assurer la protection des espèces animales et végétales;Chasse;Autres aires protégées (SNC 5.1)
13184;INFRACTION A UN ARRETE REGLEMENTAIRE RELATIF A L'EMPLOI DES CHIENS DANS L'EXERCICE DE LA CHASSE;Assurer la protection des espèces animales et végétales;Chasse;Sécurité à la chasse (SNC 4.5)
5986;INFRACTION A UN ARRETE REGLEMENTAIRE RELATIF A LA CHASSE EN TEMPS DE NEIGE;Assurer la protection des espèces animales et végétales;Chasse;Contrôle du respect des quotas collectifs et des obligations de déclaration de prélèvement de certaines espèces (SNC 4.5)
27737;INFRACTION A UN ARRETE REGLEMENTAIRE RELATIF AUX CONDITIONS DE REALISATION DES ENTRAINEMENTS, CONCOURS ET EPREUVES DE CHIEN DE CHASSE;Assurer la protection des espèces animales et végétales;Chasse;Actions contrôles chasse hors priorités SNC
23228;INFRACTION A UN ARRETE REGLEMENTANT LES TERRAINS DU DOMAINE ADMINISTRE PAR LE CONSERVATOIRE DE L'ESPACE LITTORAL ET DES RIVAGES LACUSTRES;Espaces protégés et protection des milieux et du cadre de vie;Contrôles aires protégées (SNC 5.1);Terrains conservatoire du littoral (SNC 5.1)
10215;INTRODUCTION IRREGULIERE D'ANIMAL DANS UNE RESERVE NATURELLE;Espaces protégés et protection des milieux et du cadre de vie;Contrôles aires protégées (SNC 5.1);Réglementation réserves naturelles (SNC 5.1)
6565;INTRODUCTION NON AUTORISEE D'ANIMAUX AU COEUR D'UN PARC NATIONAL;Espaces protégés et protection des milieux et du cadre de vie;Contrôles aires protégées (SNC 5.1);Parcs nationaux (SNC 5.1)
27744;LACHER DE GIBIER EN INFRACTION AUX PRESCRIPTIONS DU SCHEMA DEPARTEMENTAL DE GESTION CYNEGETIQUE;Assurer la protection des espèces animales et végétales;Chasse;Actions contrôles chasse hors priorités SNC
25988;MAINTIEN EN CAPTIVITE, LA NUIT, DE CARPE CAPTUREE PAR UN PECHEUR AMATEUR AUX LIGNES;Assurer la protection des espèces animales et végétales;Pêche;Actions de contrôle de la pêche (hors SNC)
26297;NON COMMUNICATION A LA FEDERATION DES CHASSEURS DU NOMBRE D'ANIMAUX PRELEVE EN APPLICATION D'UN PLAN DE CHASSE INDIVIDUEL;Assurer la protection des espèces animales et végétales;Chasse;Contrôle du respect des quotas collectifs et des obligations de déclaration de prélèvement de certaines espèces (SNC 4.5)
27986;NON PRESENTATION AUX AGENTS DE CONTROLE DU DERNIER RAPPORT D'INSPECTION D'UN MATERIEL DESTINE A L'APPLICATION DE PRODUITS PHYTOPHARMACEUTIQUES;Gestion qualitative de la ressource en eau;Pollutions diffuses;Assurer le respect des conditions d'emplois des produits phytopharmaceutiques afin de préserver la qualité de l'eau et des milieux aquatiques (SNC 2.5)
335;NON PRESENTATION DE CERTIFICAT DE VACCINATION ANTIRABIQUE VALABLE PAR PROPRIETAIRE OU DETENTEUR DE CARNIVORE DOMESTIQUE - DEPARTEMENT INFECTE DE RAGE;Assurer la protection des espèces animales et végétales;Faune sauvage captive;Contrôles sanitaires et faune captive (hors SNC)
21467;NON PRESENTATION, PAR PECHEUR, DE DOCUMENT VALABLE JUSTIFIANT DE SA QUALITE DE MEMBRE D'UNE ASSOCIATION AGREEE;Assurer la protection des espèces animales et végétales;Pêche;Actions de contrôle de la pêche (hors SNC)
21468;NON PRESENTATION, PAR PECHEUR, DE DOCUMENT VALABLE JUSTIFIANT DU PAIEMENT DE LA REDEVANCE POUR PROTECTION DU MILIEU AQUATIQUE;Inactif-Police de la pêche;Inactif-Police de la pêche en eau douce et lutte contre le braconnage des espèces piscicoles;Inactif-Lutte contre le braconnage des espèces migratrices (hors anguille) (action 3.7. de la SNC)
27634;NON RESPECT D'UN ARRETE PREFECTORAL ORDONNANT LA REMISE A L'EAU IMMEDIATE DU POISSON CAPTURE - EAU DOUCE;Assurer la protection des espèces animales et végétales;Pêche;Actions de contrôle de la pêche (hors SNC)
29539;NON RESPECT D'UNE MESURE PREFECTORALE EDICTEE POUR ASSURER LA PREVENTION DES INCENDIES DE FORET, FACILITER LA LUTTE CONTRE CES INCENDIES OU EN LIMITER LES CONSEQUENCES;Inactif-Protection des habitats et patrimoine naturel;Inactif-Forêt;Inactif-Protection des milieux forestiers (dont lutte contre les incendies)
7926;NON RESPECT D'UNE PRESCRIPTION PREFECTORALE DE GESTION FORESTIERE AU VOISINAGE DES VOIES OUVERTES A LA CIRCULATION PUBLIQUE - PREVENTION DES INCENDIES DE FORET;Espaces protégés et protection des milieux et du cadre de vie;Contrôles espaces protégés et protection des milieux et du cadre de vie (hors SNC);Protection des milieux forestiers (dont lutte contre les incendies)
27741;NON RESPECT DE SES OBLIGATIONS PAR LE TITULAIRE D'UN PLAN DE CHASSE INDIVIDUEL - CONTROLE DE L'EXECUTION DU PLAN;Assurer la protection des espèces animales et végétales;Chasse;Actions contrôles chasse hors priorités SNC
27745;NON RESPECT DES PRESCRIPTIONS DU SCHEMA DEPARTEMENTAL DE GESTION CYNEGETIQUE RELATIVES A LA SECURITE DES CHASSEURS ET DES NON CHASSEURS;Assurer la protection des espèces animales et végétales;Chasse;Sécurité à la chasse (SNC 4.5)
7402;PECHE A LA LIGNE DANS UN DISPOSITIF ASSURANT LA CIRCULATION DU POISSON DANS UN OUVRAGE DE RIVIERE - EAU DOUCE;Assurer la protection des espèces animales et végétales;Pêche;Actions de contrôle de la pêche (hors SNC)
20150;PECHE D'UN NOMBRE DE SALMONIDES SUPERIEUR A CELUI AUTORISE;Inactif-Police de la pêche;Inactif-Police de la pêche en eau douce et lutte contre le braconnage des espèces piscicoles;Inactif-Contrôles ciblés : Période de reproduction d’espèces sensibles, TAC, braconnage des espèces non migratrices (hors SNC)
21593;PECHE DANS COURS D'EAU DOUCE DONT LE NIVEAU EST ABAISSE ARTIFICIELLEMENT;Assurer la protection des espèces animales et végétales;Pêche;Actions de contrôle de la pêche (hors SNC)
22279;PECHE DANS UN GRAND LAC INTERIEUR OU DE MONTAGNE EN INFRACTION A UN ARRETE PREFECTORAL - EAU DOUCE;Assurer la protection des espèces animales et végétales;Pêche;Actions de contrôle de la pêche (hors SNC)
20152;PECHE DE POISSON D'EAU DOUCE N'AYANT PAS LA TAILLE REGLEMENTAIRE;Assurer la protection des espèces animales et végétales;Pêche;Actions de contrôle de la pêche (hors SNC)
20155;PECHE EN EAU DOUCE A L'AIDE DE PROCEDE OU DE MODE DE PECHE PROHIBE;Inactif-Police de la pêche;Inactif-Police de la pêche en eau douce et lutte contre le braconnage des espèces piscicoles;Inactif-Contrôles ciblés : Période de reproduction d’espèces sensibles, TAC, braconnage des espèces non migratrices (hors SNC)
7422;PECHE EN EAU DOUCE A LA LIGNE DANS UNE RESERVE TEMPORAIRE DE PECHE;Inactif-Police de la pêche;Inactif-Police de la pêche en eau douce et lutte contre le braconnage des espèces piscicoles;Inactif-Contrôles ciblés : Période de reproduction d’espèces sensibles, TAC, braconnage des espèces non migratrices (hors SNC)
20157;PECHE EN EAU DOUCE AVEC FILET, ENGIN OU INSTRUMENT DE PECHE PROHIBE;Assurer la protection des espèces animales et végétales;Pêche;Actions de contrôle de la pêche (hors SNC)
20156;PECHE EN EAU DOUCE AVEC UN NOMBRE D'ENGINS OU D'INSTRUMENTS SUPERIEUR AU MAXIMUM AUTORISE;Inactif-Police de la pêche;Inactif-Anguille : contrôle des prélèvements et lutte contre les trafics de l'anguille;Inactif-Contrôle des prélèvements et lutte contre les trafics de l'anguille en eau douce (action 3.7 de la SNC)
20160;PECHE EN EAU DOUCE D'ESPECE DE POISSON DETERMINEE PAR ARRETE PREFECTORAL;Inactif-Police de la pêche;Inactif-Police de la pêche en eau douce et lutte contre le braconnage des espèces piscicoles;Inactif - Contrôles ciblés : Période de reproduction d’espèces sensibles, TAC, ...
20162;PECHE EN EAU DOUCE DE 2EME CATEGORIE OU LE DROIT DE PECHE APPARTIENT A L'ETAT A PARTIR D'UN POINT D'ACCES PROHIBE;Assurer la protection des espèces animales et végétales;Pêche;Actions de contrôle de la pêche (hors SNC)
20158;PECHE EN EAU DOUCE EN TEMPS PROHIBE;Inactif-Police de la pêche;Inactif-Police de la pêche en eau douce et lutte contre le braconnage des espèces piscicoles;Inactif-Contrôles ciblés : Période de reproduction d’espèces sensibles, TAC, braconnage des espèces non migratrices (hors SNC)
20166;PECHE EN EAU DOUCE PAR UNE PERSONNE N'APPARTENANT PAS A UNE ASSOCIATION DE PECHE AGREEE;Assurer la protection des espèces animales et végétales;Pêche;Actions de contrôle de la pêche (hors SNC)
20148;PECHE EN EAU DOUCE PENDANT LES HEURES D'INTERDICTION;Inactif-Police de la pêche;Inactif-Police de la pêche en eau douce et lutte contre le braconnage des espèces piscicoles;Inactif - Lutte contre le braconnage des espèces piscicoles (hors anguille)
20165;PECHE EN EAU DOUCE SANS AVOIR ACQUITTE LA REDEVANCE POUR PROTECTION DU MILIEU AQUATIQUE;Assurer la protection des espèces animales et végétales;Pêche;Actions de contrôle de la pêche (hors SNC)
7384;PECHE EN EAU DOUCE SANS LA PERMISSION DU TITULAIRE DU DROIT DE PECHE;Inactif-Police de la pêche;Inactif-Police de la pêche en eau douce et lutte contre le braconnage des espèces piscicoles;Inactif-Contrôles ciblés : Période de reproduction d’espèces sensibles, TAC, braconnage des espèces non migratrices (hors SNC)
20143;PECHE EN EAU DOUCE, DE NUIT, EN TEMPS PROHIBE;Assurer la protection des espèces animales et végétales;Pêche;Lutte contre le braconnage des espèces piscicoles migratrices (SNC 4.7)
20142;PECHE EN EAU DOUCE, LA NUIT, A L'AIDE DE PROCEDE OU MODE DE PECHE PROHIBE;Assurer la protection des espèces animales et végétales;Pêche;Actions de contrôle de la pêche (hors SNC)
20141;PECHE EN EAU DOUCE, LA NUIT, AVEC FILET, ENGIN OU INSTRUMENT DE PECHE PROHIBE;Inactif-Police de la pêche;Inactif-Anguille : contrôle des prélèvements et lutte contre les trafics de l'anguille;Inactif-Contrôle des prélèvements et lutte contre les trafics de l'anguille en eau douce (action 3.7 de la SNC)
23518;PECHE ILLICITE EN EAU DOUCE AVEC PLUSIEURS LIGNES A PARTIR D'UNE ECLUSE OU D'UN BARRAGE SUR UNE DISTANCE DE 50 METRES;Assurer la protection des espèces animales et végétales;Pêche;Actions de contrôle de la pêche (hors SNC)
20145;PECHE, DE NUIT, EN EAU DOUCE AVEC UN NOMBRE D'ENGINS OU D'INSTRUMENTS SUPERIEUR AU MAXIMUM AUTORISE;Assurer la protection des espèces animales et végétales;Pêche;Actions de contrôle de la pêche (hors SNC)
20168;PECHE, SANS REIMMERSION IMMEDIATE, DE POISSON MIGRATEUR N'AYANT PAS LA TAILLE REQUISE CAPTURE EN AMONT DE LA LIMITE DE SALURE DES EAUX;Assurer la protection des espèces animales et végétales;Pêche;Lutte contre le braconnage des espèces piscicoles migratrices (SNC 4.7)
34827;PRATIQUE DU NOURRISSAGE EN VUE DE CONCENTRER DES SANGLIERS SUR UN TERRITOIRE - GESTION DE LA CHASSE;Assurer la protection des espèces animales et végétales;Chasse;Actions contrôles chasse hors priorités SNC
10221;PRATIQUE IRREGULIERE DE JEU OU DE SPORT DANS UNE RESERVE NATURELLE;Espaces protégés et protection des milieux et du cadre de vie;Contrôles aires protégées (SNC 5.1);Réglementation réserves naturelles (SNC 5.1)
25914;PRATIQUE NON AUTORISEE DE JEU OU DE SPORT AU COEUR D'UN PARC NATIONAL;Espaces protégés et protection des milieux et du cadre de vie;Contrôles aires protégées (SNC 5.1);Parcs nationaux (SNC 5.1)
26142;PRELEVEMENT DE CHAMPIGNONS, FRUITS OU SEMENCES DE BOIS OU FORET SANS AUTORISATION DU PROPRIETAIRE DU TERRAIN - VOLUME PRELEVE N'EXCEDANT PAS 10 LITRES;Hors domaine;Hors thème;[2025] Activités humaines réglementées dans les espaces ordinaires (déchets dans le milieu naturel au titre du code pénal)
26276;RECHERCHE, POURSUITE DE GIBIER A L'AIDE DE SOURCE LUMINEUSE SANS AUTORISATION;Inactif-Police de la chasse;Inactif-Police de la chasse et lutte contre le braconnage des espèces chassables;Inactif-Autres actions de police de la chasse hors SNC
11955;STATIONNEMENT D'ANIMAL DE CHARGE OU MONTURE SUR UNE ROUTE DE FORET INTERDITE A LA CIRCULATION;Espaces protégés et protection des milieux et du cadre de vie;Contrôles espaces protégés et protection des milieux et du cadre de vie (hors SNC);Protection des milieux forestiers (dont lutte contre les incendies)
11952;STATIONNEMENT DE VEHICULE SUR UNE ROUTE DE FORET INTERDITE A LA CIRCULATION;Inactif-Protection des habitats et patrimoine naturel;Inactif-Circulation des engins motorisés dans les espaces naturels;Inactif-Contrôle de la circulation des VTM (hors espaces protégés)
7921;STATIONNEMENT DE VEHICULE SUR UNE VOIE PUBLIQUE MALGRE INTERDICTION LIEE A UN RISQUE EXCEPTIONNEL D'INCENDIE DE FORET;Espaces protégés et protection des milieux et du cadre de vie;Contrôles espaces protégés et protection des milieux et du cadre de vie (hors SNC);Protection des milieux forestiers (dont lutte contre les incendies)
10204;STATIONNEMENT IRREGULIER D'ANIMAL DANS UNE RESERVE NATURELLE;Espaces protégés et protection des milieux et du cadre de vie;Contrôles aires protégées (SNC 5.1);Réglementation réserves naturelles (SNC 5.1)
25902;STATIONNEMENT IRREGULIER DE PERSONNE AU COEUR D'UN PARC NATIONAL;Espaces protégés et protection des milieux et du cadre de vie;Contrôles aires protégées (SNC 5.1);Parcs nationaux (SNC 5.1)
10202;STATIONNEMENT IRREGULIER DE PERSONNE DANS UNE RESERVE NATURELLE;Espaces protégés et protection des milieux et du cadre de vie;Contrôles aires protégées (SNC 5.1);Réglementation réserves naturelles (SNC 5.1)
26274;TRANSPORT A BORD D'UN VEHICULE D'UNE ARME DE CHASSE NON DEMONTEE OU DECHARGEE ET PLACEE SOUS ETUI;Assurer la protection des espèces animales et végétales;Chasse;Sécurité à la chasse (SNC 4.5)
26296;TRANSPORT DE GRAND GIBIER TUE ACCIDENTELLEMENT PAR UN VEHICULE SANS AVERTISSEMENT PREALABLE DES SERVICES DE POLICE OU GENDARMERIE;Inactif-Police de la chasse;Inactif-Police de la chasse et lutte contre le braconnage des espèces chassables;Inactif-Autres actions de police de la chasse hors SNC
20153;TRANSPORT DE POISSON PECHE EN EAU DOUCE N'AYANT PAS LA TAILLE REGLEMENTAIRE;Assurer la protection des espèces animales et végétales;Pêche;Actions de contrôle de la pêche (hors SNC)
26299;TRANSPORT SANS MARQUAGE PREALABLE D'ANIMAL CAPTURE DANS LE CADRE DU PRELEVEMENT MAXIMAL AUTORISE;Assurer la protection des espèces animales et végétales;Chasse;Contrôle du respect des quotas collectifs et des obligations de déclaration de prélèvement de certaines espèces (SNC 4.5)
10217;TROUBLE VOLONTAIRE DE LA TRANQUILLITE DES ANIMAUX DANS UNE RESERVE NATURELLE;Assurer la protection des espèces animales et végétales;Espèces protégées;Espèces protégées : destructions ou perturbations d'espèces protégées, altération, dégradation et destruction d'habitat (SNC 4.3)
10201;USAGE IRREGULIER D'INSTRUMENT SONORE DANS UNE RESERVE NATURELLE;Espaces protégés et protection des milieux et du cadre de vie;Contrôles aires protégées (SNC 5.1);Réglementation réserves naturelles (SNC 5.1)
26273;UTILISATION DE MUNITION INTERDITE POUR LA CHASSE DU GIBIER OU LA DESTRUCTION DES ANIMAUX NUISIBLES;Assurer la protection des espèces animales et végétales;Chasse;Sécurité à la chasse (SNC 4.5)
26303;UTILISATION IRREGULIERE D'UN PIEGE PAR UN PIEGEUR AGREE - CHASSE;Assurer la protection des espèces animales et végétales;Chasse;Actions contrôles chasse hors priorités SNC
7929;VIOLATION DE L'INTERDICTION DE FUMER SUR UN TERRAIN BOISE - PREVENTION DES INCENDIES DE FORET;Espaces protégés et protection des milieux et du cadre de vie;Contrôles espaces protégés et protection des milieux et du cadre de vie (hors SNC);Protection des milieux forestiers (dont lutte contre les incendies)
